image,mask,id,type,type_label,bbox,bbox_label
honeybee/img/beeType1_008.jpg,honeybee/gt-dots/dots008.png,008,beeType1,1,"[[155, 1, 187, 33], [422, 1, 454, 33], [535, 26, 567, 58], [575, 40, 607, 72], [434, 51, 466, 83], [256, 71, 288, 103], [35, 96, 67, 128], [100, 101, 132, 133], [297, 127, 329, 159], [110, 146, 142, 178], [554, 160, 586, 192], [105, 176, 137, 208], [533, 179, 565, 211], [408, 213, 440, 245], [35, 221, 67, 253], [190, 232, 222, 264], [171, 236, 203, 268], [216, 239, 248, 271], [610, 243, 639, 275], [39, 245, 71, 277], [79, 255, 111, 287], [267, 271, 299, 303], [44, 274, 76, 306], [454, 318, 486, 350], [470, 318, 502, 350], [585, 321, 617, 353], [342, 352, 374, 384], [382, 376, 414, 408], [426, 377, 458, 409], [532, 409, 564, 441], [48, 412, 80, 444], [407, 429, 439, 461], [44, 443, 76, 475], [278, 442, 310, 474], [403, 457, 435, 479], [287, 459, 319, 479]]","[1, 1, 1, 1, 1, 1, 1, 1, 1, 1, 1, 1, 1, 1, 1, 1, 1, 1, 1, 1, 1, 1, 1, 1, 1, 1, 1, 1, 1, 1, 1, 1, 1, 1, 1, 1]"
honeybee/img/beeType1_009.jpg,honeybee/gt-dots/dots009.png,009,beeType1,1,"[[571, 23, 603, 55], [423, 66, 455, 98], [59, 72, 91, 104], [230, 101, 262, 133], [260, 133, 292, 165], [117, 147, 149, 179], [115, 169, 147, 201], [497, 171, 529, 203], [317, 185, 349, 217], [517, 197, 549, 229], [117, 206, 149, 238], [83, 215, 115, 247], [170, 220, 202, 252], [147, 235, 179, 267], [81, 247, 113, 279], [251, 253, 283, 285], [539, 252, 571, 284], [501, 268, 533, 300], [186, 270, 218, 302], [489, 297, 521, 329], [26, 303, 58, 335], [568, 310, 600, 342], [473, 324, 505, 356], [348, 370, 380, 402], [385, 378, 417, 410], [0, 412, 23, 444], [227, 413, 259, 445], [8, 436, 40, 468], [22, 454, 54, 479]]","[1, 1, 1, 1, 1, 1, 1, 1, 1, 1, 1, 1, 1, 1, 1, 1, 1, 1, 1, 1, 1, 1, 1, 1, 1, 1, 1, 1, 1]"
honeybee/img/beeType1_010.jpg,honeybee/gt-dots/dots010.png,010,beeType1,1,"[[556, 29, 588, 61], [55, 54, 87, 86], [406, 74, 438, 106], [204, 135, 236, 167], [235, 159, 267, 191], [134, 167, 166, 199], [260, 180, 292, 212], [435, 184, 467, 216], [205, 193, 237, 225], [589, 205, 621, 237], [6, 208, 38, 240], [133, 225, 165, 257], [489, 229, 521, 261], [241, 239, 273, 271], [438, 251, 470, 283], [134, 259, 166, 291], [0, 260, 29, 292], [505, 268, 537, 300], [124, 285, 156, 317], [169, 291, 201, 323], [564, 293, 596, 325], [0, 326, 26, 358], [465, 336, 497, 368], [404, 339, 436, 371], [343, 359, 375, 391], [313, 375, 345, 407], [341, 379, 373, 411], [156, 406, 188, 438], [21, 408, 53, 440], [444, 441, 476, 473]]","[1, 1, 1, 1, 1, 1, 1, 1, 1, 1, 1, 1, 1, 1, 1, 1, 1, 1, 1, 1, 1, 1, 1, 1, 1, 1, 1, 1, 1, 1]"
honeybee/img/beeType1_011.jpg,honeybee/gt-dots/dots011.png,011,beeType1,1,"[[549, 0, 581, 23], [546, 37, 578, 69], [28, 44, 60, 76], [392, 64, 424, 96], [162, 130, 194, 162], [357, 139, 389, 171], [29, 141, 61, 173], [178, 157, 210, 189], [300, 167, 332, 199], [4, 171, 36, 203], [152, 186, 184, 218], [373, 194, 405, 226], [220, 223, 252, 255], [519, 234, 551, 266], [347, 256, 379, 288], [35, 259, 67, 291], [150, 265, 182, 297], [451, 274, 483, 306], [560, 293, 592, 325], [143, 299, 175, 331], [389, 316, 421, 348], [154, 324, 186, 356], [18, 327, 50, 359], [437, 348, 469, 380], [345, 351, 377, 383], [272, 401, 304, 433], [312, 401, 344, 433], [75, 420, 107, 452], [98, 429, 130, 461], [434, 428, 466, 460], [229, 460, 261, 479]]","[1, 1, 1, 1, 1, 1, 1, 1, 1, 1, 1, 1, 1, 1, 1, 1, 1, 1, 1, 1, 1, 1, 1, 1, 1, 1, 1, 1, 1, 1, 1]"
honeybee/img/beeType1_012.jpg,honeybee/gt-dots/dots012.png,012,beeType1,1,"[[0, 36, 28, 68], [535, 49, 567, 81], [396, 55, 428, 87], [438, 90, 470, 122], [107, 96, 139, 128], [49, 113, 81, 145], [107, 132, 139, 164], [388, 139, 420, 171], [163, 171, 195, 203], [193, 177, 225, 209], [525, 190, 557, 222], [428, 194, 460, 226], [322, 197, 354, 229], [16, 210, 48, 242], [197, 219, 229, 251], [65, 245, 97, 277], [267, 258, 299, 290], [152, 282, 184, 314], [368, 306, 400, 338], [549, 306, 581, 338], [422, 315, 454, 347], [185, 317, 217, 349], [138, 324, 170, 356], [91, 332, 123, 364], [345, 341, 377, 373], [162, 351, 194, 383], [409, 353, 441, 385], [191, 357, 223, 389], [131, 422, 163, 454], [2, 424, 34, 456], [407, 426, 439, 458], [293, 436, 325, 468], [221, 439, 253, 471], [2, 455, 34, 479], [184, 458, 216, 479]]","[1, 1, 1, 1, 1, 1, 1, 1, 1, 1, 1, 1, 1, 1, 1, 1, 1, 1, 1, 1, 1, 1, 1, 1, 1, 1, 1, 1, 1, 1, 1, 1, 1, 1, 1]"
honeybee/img/beeType1_013.jpg,honeybee/gt-dots/dots013.png,013,beeType1,1,"[[28, 21, 60, 53], [504, 37, 536, 69], [416, 55, 448, 87], [526, 60, 558, 92], [70, 67, 102, 99], [99, 66, 131, 98], [466, 112, 498, 144], [73, 137, 105, 169], [521, 148, 553, 180], [239, 180, 271, 212], [160, 184, 192, 216], [283, 206, 315, 238], [92, 222, 124, 254], [182, 229, 214, 261], [193, 258, 225, 290], [155, 300, 187, 332], [336, 332, 368, 364], [157, 341, 189, 373], [129, 345, 161, 377], [567, 347, 599, 379], [408, 363, 440, 395], [224, 371, 256, 403], [165, 419, 197, 451], [369, 437, 401, 469], [124, 445, 156, 477], [66, 458, 98, 479], [195, 461, 227, 479]]","[1, 1, 1, 1, 1, 1, 1, 1, 1, 1, 1, 1, 1, 1, 1, 1, 1, 1, 1, 1, 1, 1, 1, 1, 1, 1, 1]"
honeybee/img/beeType1_014.jpg,honeybee/gt-dots/dots014.png,014,beeType1,1,"[[542, 4, 574, 36], [144, 8, 176, 40], [44, 33, 76, 65], [522, 73, 554, 105], [467, 79, 499, 111], [217, 106, 249, 138], [508, 114, 540, 146], [57, 152, 89, 184], [238, 166, 270, 198], [162, 187, 194, 219], [282, 194, 314, 226], [117, 207, 149, 239], [276, 223, 308, 255], [111, 246, 143, 278], [161, 255, 193, 287], [145, 319, 177, 351], [318, 332, 350, 364], [211, 340, 243, 372], [133, 383, 165, 415], [260, 382, 292, 414], [579, 390, 611, 422], [442, 393, 474, 425], [173, 410, 205, 442], [75, 434, 107, 466], [582, 442, 614, 474], [337, 455, 369, 479]]","[1, 1, 1, 1, 1, 1, 1, 1, 1, 1, 1, 1, 1, 1, 1, 1, 1, 1, 1, 1, 1, 1, 1, 1, 1, 1]"
honeybee/img/beeType1_015.jpg,honeybee/gt-dots/dots015.png,015,beeType1,1,"[[585, 0, 617, 20], [268, 0, 300, 26], [28, 0, 60, 30], [555, 14, 587, 46], [479, 87, 511, 119], [529, 93, 561, 125], [239, 109, 271, 141], [522, 123, 554, 155], [61, 154, 93, 186], [172, 181, 204, 213], [145, 212, 177, 244], [317, 228, 349, 260], [297, 240, 329, 272], [38, 242, 70, 274], [143, 282, 175, 314], [5, 295, 37, 327], [297, 338, 329, 370], [246, 340, 278, 372], [124, 345, 156, 377], [165, 385, 197, 417], [274, 384, 306, 416], [18, 411, 50, 443], [507, 421, 539, 453], [139, 424, 171, 456], [98, 431, 130, 463], [597, 436, 629, 468], [482, 454, 514, 479], [20, 458, 52, 479]]","[1, 1, 1, 1, 1, 1, 1, 1, 1, 1, 1, 1, 1, 1, 1, 1, 1, 1, 1, 1, 1, 1, 1, 1, 1, 1, 1, 1]"
honeybee/img/beeType1_016.jpg,honeybee/gt-dots/dots016.png,016,beeType1,1,"[[379, 6, 411, 38], [548, 8, 580, 40], [33, 14, 65, 46], [303, 30, 335, 62], [442, 58, 474, 90], [15, 98, 47, 130], [527, 111, 559, 143], [368, 112, 400, 144], [581, 123, 613, 155], [98, 153, 130, 185], [583, 165, 615, 197], [191, 171, 223, 203], [179, 221, 211, 253], [342, 220, 374, 252], [344, 259, 376, 291], [0, 291, 30, 323], [118, 304, 150, 336], [265, 339, 297, 371], [160, 373, 192, 405], [80, 377, 112, 409], [102, 382, 134, 414], [278, 388, 310, 420], [391, 416, 423, 448], [0, 431, 31, 463], [289, 441, 321, 473]]","[1, 1, 1, 1, 1, 1, 1, 1, 1, 1, 1, 1, 1, 1, 1, 1, 1, 1, 1, 1, 1, 1, 1, 1, 1]"
honeybee/img/beeType1_017.jpg,honeybee/gt-dots/dots017.png,017,beeType1,1,"[[39, 7, 71, 39], [395, 25, 427, 57], [483, 31, 515, 63], [453, 41, 485, 73], [0, 51, 27, 83], [275, 84, 307, 116], [88, 108, 120, 140], [503, 134, 535, 166], [537, 145, 569, 177], [171, 151, 203, 183], [229, 152, 261, 184], [438, 160, 470, 192], [207, 235, 239, 267], [415, 286, 447, 318], [342, 308, 374, 340], [76, 315, 108, 347], [101, 323, 133, 355], [282, 334, 314, 366], [230, 337, 262, 369], [141, 349, 173, 381], [310, 383, 342, 415], [240, 388, 272, 420], [258, 405, 290, 437], [86, 416, 118, 448]]","[1, 1, 1, 1, 1, 1, 1, 1, 1, 1, 1, 1, 1, 1, 1, 1, 1, 1, 1, 1, 1, 1, 1, 1]"
honeybee/img/beeType1_018.jpg,honeybee/gt-dots/dots018.png,018,beeType1,1,"[[350, 0, 382, 24], [49, 27, 81, 59], [93, 26, 125, 58], [435, 55, 467, 87], [577, 57, 609, 89], [347, 65, 379, 97], [157, 117, 189, 149], [265, 130, 297, 162], [461, 155, 493, 187], [498, 239, 530, 271], [89, 249, 121, 281], [227, 250, 259, 282], [58, 281, 90, 313], [504, 300, 536, 332], [111, 324, 143, 356], [280, 325, 312, 357], [64, 329, 96, 361], [343, 337, 375, 369], [322, 339, 354, 371], [193, 349, 225, 381], [578, 366, 610, 398], [204, 399, 236, 431], [48, 429, 80, 461], [240, 432, 272, 464], [38, 456, 70, 479]]","[1, 1, 1, 1, 1, 1, 1, 1, 1, 1, 1, 1, 1, 1, 1, 1, 1, 1, 1, 1, 1, 1, 1, 1, 1]"
honeybee/img/beeType1_019.jpg,honeybee/gt-dots/dots019.png,019,beeType1,1,"[[202, 0, 234, 23], [374, 0, 406, 27], [87, 41, 119, 73], [257, 82, 289, 114], [389, 89, 421, 121], [340, 98, 372, 130], [204, 119, 236, 151], [308, 136, 340, 168], [411, 178, 443, 210], [93, 192, 125, 224], [155, 238, 187, 270], [101, 244, 133, 276], [235, 260, 267, 292], [371, 309, 403, 341], [258, 316, 290, 348], [67, 323, 99, 355], [24, 332, 56, 364], [308, 362, 340, 394], [159, 368, 191, 400], [34, 387, 66, 419], [168, 408, 200, 440], [4, 419, 36, 451], [220, 445, 252, 477], [22, 446, 54, 478]]","[1, 1, 1, 1, 1, 1, 1, 1, 1, 1, 1, 1, 1, 1, 1, 1, 1, 1, 1, 1, 1, 1, 1, 1]"
honeybee/img/beeType1_020.jpg,honeybee/gt-dots/dots020.png,020,beeType1,1,"[[386, 11, 418, 43], [404, 51, 436, 83], [15, 54, 47, 86], [160, 57, 192, 89], [181, 101, 213, 133], [341, 119, 373, 151], [107, 131, 139, 163], [235, 130, 267, 162], [140, 160, 172, 192], [387, 194, 419, 226], [365, 203, 397, 235], [240, 214, 272, 246], [181, 231, 213, 263], [236, 263, 268, 295], [408, 299, 440, 331], [14, 304, 46, 336], [220, 307, 252, 339], [24, 331, 56, 363], [0, 338, 32, 370], [39, 346, 71, 378], [85, 378, 117, 410], [284, 378, 316, 410], [122, 381, 154, 413], [0, 395, 20, 427], [131, 414, 163, 446], [364, 429, 396, 461], [198, 454, 230, 479], [4, 459, 36, 479]]","[1, 1, 1, 1, 1, 1, 1, 1, 1, 1, 1, 1, 1, 1, 1, 1, 1, 1, 1, 1, 1, 1, 1, 1, 1, 1, 1, 1]"
honeybee/img/beeType1_021.jpg,honeybee/gt-dots/dots021.png,021,beeType1,1,"[[398, 35, 430, 67], [87, 62, 119, 94], [148, 69, 180, 101], [260, 69, 292, 101], [387, 86, 419, 118], [136, 93, 168, 125], [180, 110, 212, 142], [251, 142, 283, 174], [285, 147, 317, 179], [574, 163, 606, 195], [351, 199, 383, 231], [323, 209, 355, 241], [616, 231, 639, 263], [553, 248, 585, 280], [233, 272, 265, 304], [169, 305, 201, 337], [9, 351, 41, 383], [405, 368, 437, 400], [130, 377, 162, 409], [68, 384, 100, 416], [254, 399, 286, 431], [105, 420, 137, 452], [176, 433, 208, 465], [291, 435, 323, 467]]","[1, 1, 1, 1, 1, 1, 1, 1, 1, 1, 1, 1, 1, 1, 1, 1, 1, 1, 1, 1, 1, 1, 1, 1]"
honeybee/img/beeType1_022.jpg,honeybee/gt-dots/dots022.png,022,beeType1,1,"[[202, 19, 234, 51], [400, 55, 432, 87], [377, 68, 409, 100], [161, 82, 193, 114], [56, 109, 88, 141], [191, 117, 223, 149], [251, 153, 283, 185], [213, 156, 245, 188], [530, 185, 562, 217], [491, 192, 523, 224], [340, 199, 372, 231], [400, 205, 432, 237], [258, 243, 290, 275], [573, 263, 605, 295], [218, 275, 250, 307], [427, 314, 459, 346], [482, 317, 514, 349], [0, 361, 32, 393], [63, 375, 95, 407], [167, 381, 199, 413], [28, 386, 60, 418], [286, 395, 318, 427], [138, 409, 170, 441], [230, 420, 262, 452], [88, 424, 120, 456], [15, 432, 47, 464]]","[1, 1, 1, 1, 1, 1, 1, 1, 1, 1, 1, 1, 1, 1, 1, 1, 1, 1, 1, 1, 1, 1, 1, 1, 1, 1]"
honeybee/img/beeType1_023.jpg,honeybee/gt-dots/dots023.png,023,beeType1,1,"[[492, 8, 524, 40], [212, 28, 244, 60], [3, 69, 35, 101], [378, 73, 410, 105], [497, 75, 529, 107], [232, 109, 264, 141], [448, 139, 480, 171], [172, 156, 204, 188], [613, 159, 639, 191], [231, 163, 263, 195], [470, 200, 502, 232], [340, 210, 372, 242], [492, 220, 524, 252], [456, 237, 488, 269], [232, 267, 264, 299], [192, 285, 224, 317], [532, 303, 564, 335], [55, 324, 87, 356], [526, 351, 558, 383], [0, 358, 28, 390], [286, 359, 318, 391], [188, 384, 220, 416], [118, 388, 150, 420], [89, 392, 121, 424], [20, 411, 52, 443], [72, 412, 104, 444], [572, 421, 604, 453], [68, 428, 100, 460], [207, 446, 239, 478]]","[1, 1, 1, 1, 1, 1, 1, 1, 1, 1, 1, 1, 1, 1, 1, 1, 1, 1, 1, 1, 1, 1, 1, 1, 1, 1, 1, 1, 1]"
honeybee/img/beeType1_024.jpg,honeybee/gt-dots/dots024.png,024,beeType1,1,"[[214, 14, 246, 46], [124, 35, 156, 67], [612, 91, 639, 123], [432, 95, 464, 127], [352, 97, 384, 129], [89, 104, 121, 136], [303, 127, 335, 159], [193, 172, 225, 204], [476, 173, 508, 205], [528, 187, 560, 219], [558, 187, 590, 219], [127, 189, 159, 221], [358, 228, 390, 260], [462, 263, 494, 295], [218, 291, 250, 323], [168, 301, 200, 333], [279, 317, 311, 349], [3, 333, 35, 365], [477, 347, 509, 379], [0, 361, 27, 393], [577, 365, 609, 397], [30, 383, 62, 415], [188, 390, 220, 422], [61, 398, 93, 430], [592, 399, 624, 431], [515, 410, 547, 442], [0, 428, 32, 460], [36, 430, 68, 462], [115, 437, 147, 469], [77, 458, 109, 479]]","[1, 1, 1, 1, 1, 1, 1, 1, 1, 1, 1, 1, 1, 1, 1, 1, 1, 1, 1, 1, 1, 1, 1, 1, 1, 1, 1, 1, 1, 1]"
honeybee/img/beeType1_025.jpg,honeybee/gt-dots/dots025.png,025,beeType1,1,"[[580, 9, 612, 41], [123, 20, 155, 52], [0, 22, 22, 54], [56, 41, 88, 73], [586, 45, 618, 77], [428, 47, 460, 79], [178, 51, 210, 83], [490, 112, 522, 144], [311, 126, 343, 158], [362, 130, 394, 162], [185, 143, 217, 175], [150, 172, 182, 204], [587, 172, 619, 204], [83, 189, 115, 221], [514, 206, 546, 238], [110, 209, 142, 241], [381, 259, 413, 291], [280, 277, 312, 309], [426, 305, 458, 337], [148, 308, 180, 340], [209, 311, 241, 343], [0, 371, 29, 403], [421, 379, 453, 411], [33, 400, 65, 432], [76, 403, 108, 435], [173, 402, 205, 434], [458, 403, 490, 435], [498, 413, 530, 445], [119, 417, 151, 449], [360, 461, 392, 479]]","[1, 1, 1, 1, 1, 1, 1, 1, 1, 1, 1, 1, 1, 1, 1, 1, 1, 1, 1, 1, 1, 1, 1, 1, 1, 1, 1, 1, 1, 1]"
honeybee/img/beeType1_026.jpg,honeybee/gt-dots/dots026.png,026,beeType1,1,"[[442, 0, 474, 31], [516, 4, 548, 36], [5, 14, 37, 46], [483, 15, 515, 47], [608, 18, 639, 50], [27, 44, 59, 76], [503, 45, 535, 77], [150, 86, 182, 118], [204, 89, 236, 121], [606, 115, 638, 147], [416, 118, 448, 150], [25, 131, 57, 163], [584, 138, 616, 170], [56, 140, 88, 172], [265, 167, 297, 199], [119, 168, 151, 200], [275, 191, 307, 223], [55, 200, 87, 232], [534, 201, 566, 233], [481, 214, 513, 246], [123, 226, 155, 258], [276, 235, 308, 267], [0, 248, 29, 280], [404, 285, 436, 317], [123, 320, 155, 352], [191, 329, 223, 361], [393, 337, 425, 369], [26, 362, 58, 394], [0, 371, 29, 403], [12, 393, 44, 425], [408, 404, 440, 436], [376, 409, 408, 441], [133, 422, 165, 454], [412, 428, 444, 460], [162, 442, 194, 474], [11, 444, 43, 476], [314, 450, 346, 479], [291, 454, 323, 479], [613, 455, 639, 479]]","[1, 1, 1, 1, 1, 1, 1, 1, 1, 1, 1, 1, 1, 1, 1, 1, 1, 1, 1, 1, 1, 1, 1, 1, 1, 1, 1, 1, 1, 1, 1, 1, 1, 1, 1, 1, 1, 1, 1]"
honeybee/img/beeType1_027.jpg,honeybee/gt-dots/dots027.png,027,beeType1,1,"[[319, 0, 351, 24], [501, 0, 533, 29], [584, 42, 616, 74], [31, 48, 63, 80], [102, 92, 134, 124], [453, 92, 485, 124], [79, 109, 111, 141], [118, 118, 150, 150], [531, 148, 563, 180], [285, 155, 317, 187], [89, 158, 121, 190], [609, 172, 639, 204], [267, 195, 299, 227], [221, 207, 253, 239], [56, 210, 88, 242], [458, 211, 490, 243], [11, 235, 43, 267], [479, 239, 511, 271], [170, 247, 202, 279], [356, 252, 388, 284], [619, 252, 639, 284], [413, 303, 445, 335], [102, 339, 134, 371], [172, 347, 204, 379], [67, 361, 99, 393], [0, 376, 22, 408], [362, 377, 394, 409], [3, 393, 35, 425], [356, 406, 388, 438], [327, 421, 359, 453], [189, 429, 221, 461], [280, 433, 312, 465], [102, 441, 134, 473], [10, 447, 42, 479], [270, 459, 302, 479]]","[1, 1, 1, 1, 1, 1, 1, 1, 1, 1, 1, 1, 1, 1, 1, 1, 1, 1, 1, 1, 1, 1, 1, 1, 1, 1, 1, 1, 1, 1, 1, 1, 1, 1, 1]"
honeybee/img/beeType1_028.jpg,honeybee/gt-dots/dots028.png,028,beeType1,1,"[[458, 2, 490, 34], [286, 9, 318, 41], [84, 23, 116, 55], [273, 35, 305, 67], [118, 58, 150, 90], [483, 71, 515, 103], [552, 77, 584, 109], [118, 85, 150, 117], [49, 114, 81, 146], [56, 144, 88, 176], [102, 151, 134, 183], [257, 155, 289, 187], [476, 167, 508, 199], [376, 203, 408, 235], [599, 213, 631, 245], [429, 214, 461, 246], [14, 223, 46, 255], [80, 226, 112, 258], [193, 242, 225, 274], [585, 249, 617, 281], [240, 263, 272, 295], [434, 277, 466, 309], [420, 328, 452, 360], [87, 364, 119, 396], [165, 371, 197, 403], [30, 382, 62, 414], [302, 401, 334, 433], [336, 414, 368, 446], [269, 422, 301, 454], [239, 429, 271, 461], [0, 433, 31, 465], [262, 442, 294, 474], [144, 458, 176, 479]]","[1, 1, 1, 1, 1, 1, 1, 1, 1, 1, 1, 1, 1, 1, 1, 1, 1, 1, 1, 1, 1, 1, 1, 1, 1, 1, 1, 1, 1, 1, 1, 1, 1]"
honeybee/img/beeType1_029.jpg,honeybee/gt-dots/dots029.png,029,beeType1,1,"[[420, 3, 452, 35], [248, 29, 280, 61], [89, 36, 121, 68], [139, 45, 171, 77], [177, 52, 209, 84], [13, 55, 45, 87], [495, 58, 527, 90], [517, 113, 549, 145], [258, 117, 290, 149], [13, 129, 45, 161], [97, 170, 129, 202], [423, 191, 455, 223], [402, 209, 434, 241], [39, 214, 71, 246], [478, 237, 510, 269], [112, 240, 144, 272], [570, 254, 602, 286], [323, 263, 355, 295], [180, 270, 212, 302], [383, 311, 415, 343], [27, 312, 59, 344], [437, 334, 469, 366], [102, 346, 134, 378], [70, 381, 102, 413], [175, 393, 207, 425], [251, 392, 283, 424], [122, 416, 154, 448], [390, 416, 422, 448], [189, 418, 221, 450], [0, 422, 22, 454], [280, 431, 312, 463], [314, 447, 346, 479], [214, 457, 246, 479]]","[1, 1, 1, 1, 1, 1, 1, 1, 1, 1, 1, 1, 1, 1, 1, 1, 1, 1, 1, 1, 1, 1, 1, 1, 1, 1, 1, 1, 1, 1, 1, 1, 1]"
honeybee/img/beeType1_030.jpg,honeybee/gt-dots/dots030.png,030,beeType1,1,"[[382, 2, 414, 34], [11, 20, 43, 52], [43, 30, 75, 62], [194, 31, 226, 63], [224, 37, 256, 69], [158, 38, 190, 70], [501, 49, 533, 81], [226, 54, 258, 86], [612, 84, 639, 116], [259, 91, 291, 123], [484, 144, 516, 176], [106, 183, 138, 215], [553, 190, 585, 222], [362, 202, 394, 234], [84, 212, 116, 244], [399, 234, 431, 266], [152, 251, 184, 283], [552, 258, 584, 290], [568, 282, 600, 314], [103, 290, 135, 322], [181, 299, 213, 331], [537, 308, 569, 340], [334, 350, 366, 382], [455, 358, 487, 390], [107, 367, 139, 399], [577, 375, 609, 407], [202, 382, 234, 414], [359, 386, 391, 418], [49, 395, 81, 427], [192, 411, 224, 443], [95, 417, 127, 449], [540, 418, 572, 450], [302, 430, 334, 462], [387, 436, 419, 468], [61, 453, 93, 479], [187, 452, 219, 479], [316, 453, 348, 479]]","[1, 1, 1, 1, 1, 1, 1, 1, 1, 1, 1, 1, 1, 1, 1, 1, 1, 1, 1, 1, 1, 1, 1, 1, 1, 1, 1, 1, 1, 1, 1, 1, 1, 1, 1, 1, 1]"
honeybee/img/beeType1_031.jpg,honeybee/gt-dots/dots031.png,031,beeType1,1,"[[297, 0, 329, 25], [138, 23, 170, 55], [504, 24, 536, 56], [280, 90, 312, 122], [451, 104, 483, 136], [51, 121, 83, 153], [454, 142, 486, 174], [235, 156, 267, 188], [441, 176, 473, 208], [516, 179, 548, 211], [172, 207, 204, 239], [380, 213, 412, 245], [340, 246, 372, 278], [173, 264, 205, 296], [98, 266, 130, 298], [1, 292, 33, 324], [248, 293, 280, 325], [600, 292, 632, 324], [568, 320, 600, 352], [423, 328, 455, 360], [188, 352, 220, 384], [583, 360, 615, 392], [123, 368, 155, 400], [24, 406, 56, 438], [518, 412, 550, 444], [363, 418, 395, 450], [238, 429, 270, 461], [213, 432, 245, 464]]","[1, 1, 1, 1, 1, 1, 1, 1, 1, 1, 1, 1, 1, 1, 1, 1, 1, 1, 1, 1, 1, 1, 1, 1, 1, 1, 1, 1]"
honeybee/img/beeType1_032.jpg,honeybee/gt-dots/dots032.png,032,beeType1,1,"[[267, 0, 299, 21], [153, 0, 185, 24], [480, 0, 512, 31], [111, 10, 143, 42], [83, 33, 115, 65], [447, 67, 479, 99], [30, 86, 62, 118], [289, 94, 321, 126], [339, 103, 371, 135], [390, 110, 422, 142], [170, 124, 202, 156], [122, 138, 154, 170], [442, 192, 474, 224], [597, 195, 629, 227], [223, 201, 255, 233], [409, 210, 441, 242], [568, 212, 600, 244], [105, 217, 137, 249], [204, 221, 236, 253], [307, 226, 339, 258], [170, 250, 202, 282], [531, 270, 563, 302], [357, 308, 389, 340], [0, 313, 22, 345], [532, 314, 564, 346], [299, 318, 331, 350], [590, 352, 622, 384], [90, 357, 122, 389], [207, 364, 239, 396], [529, 379, 561, 411], [22, 399, 54, 431], [0, 400, 25, 432], [404, 401, 436, 433], [575, 414, 607, 446], [188, 445, 220, 477], [224, 454, 256, 479]]","[1, 1, 1, 1, 1, 1, 1, 1, 1, 1, 1, 1, 1, 1, 1, 1, 1, 1, 1, 1, 1, 1, 1, 1, 1, 1, 1, 1, 1, 1, 1, 1, 1, 1, 1, 1]"
honeybee/img/beeType1_033.jpg,honeybee/gt-dots/dots033.png,033,beeType1,1,"[[225, 22, 257, 54], [103, 70, 135, 102], [90, 85, 122, 117], [293, 87, 325, 119], [417, 103, 449, 135], [348, 121, 380, 153], [126, 169, 158, 201], [554, 174, 586, 206], [471, 176, 503, 208], [265, 198, 297, 230], [436, 200, 468, 232], [361, 214, 393, 246], [542, 215, 574, 247], [149, 231, 181, 263], [244, 236, 276, 268], [607, 250, 639, 282], [14, 284, 46, 316], [340, 325, 372, 357], [356, 344, 388, 376], [463, 345, 495, 377], [74, 354, 106, 386], [216, 376, 248, 408], [446, 381, 478, 413], [478, 389, 510, 421], [34, 398, 66, 430], [0, 408, 28, 440]]","[1, 1, 1, 1, 1, 1, 1, 1, 1, 1, 1, 1, 1, 1, 1, 1, 1, 1, 1, 1, 1, 1, 1, 1, 1, 1]"
honeybee/img/beeType1_034.jpg,honeybee/gt-dots/dots034.png,034,beeType1,1,"[[289, 39, 321, 71], [31, 44, 63, 76], [149, 50, 181, 82], [286, 71, 318, 103], [503, 104, 535, 136], [149, 123, 181, 155], [314, 123, 346, 155], [80, 126, 112, 158], [541, 133, 573, 165], [510, 144, 542, 176], [567, 163, 599, 195], [544, 175, 576, 207], [159, 188, 191, 220], [316, 188, 348, 220], [258, 205, 290, 237], [115, 207, 147, 239], [412, 211, 444, 243], [615, 246, 639, 278], [261, 249, 293, 281], [208, 250, 240, 282], [46, 255, 78, 287], [26, 335, 58, 367], [325, 344, 357, 376], [479, 348, 511, 380], [69, 350, 101, 382], [410, 369, 442, 401], [51, 385, 83, 417], [428, 392, 460, 424], [82, 399, 114, 431], [227, 401, 259, 433], [181, 411, 213, 443], [0, 424, 25, 456]]","[1, 1, 1, 1, 1, 1, 1, 1, 1, 1, 1, 1, 1, 1, 1, 1, 1, 1, 1, 1, 1, 1, 1, 1, 1, 1, 1, 1, 1, 1, 1, 1]"
honeybee/img/beeType1_035.jpg,honeybee/gt-dots/dots035.png,035,beeType1,1,"[[193, 5, 225, 37], [275, 48, 307, 80], [354, 54, 386, 86], [169, 77, 201, 109], [617, 86, 639, 118], [468, 106, 500, 138], [609, 110, 639, 142], [290, 123, 322, 155], [64, 150, 96, 182], [62, 168, 94, 200], [368, 181, 400, 213], [459, 215, 491, 247], [378, 218, 410, 250], [87, 230, 119, 262], [311, 251, 343, 283], [164, 266, 196, 298], [181, 267, 213, 299], [270, 267, 302, 299], [500, 324, 532, 356], [74, 351, 106, 383], [141, 352, 173, 384], [318, 353, 350, 385], [125, 393, 157, 425], [446, 401, 478, 433], [410, 409, 442, 441], [235, 438, 267, 470], [571, 454, 603, 479]]","[1, 1, 1, 1, 1, 1, 1, 1, 1, 1, 1, 1, 1, 1, 1, 1, 1, 1, 1, 1, 1, 1, 1, 1, 1, 1, 1]"
honeybee/img/beeType1_036.jpg,honeybee/gt-dots/dots036.png,036,beeType1,1,"[[612, 3, 639, 35], [259, 22, 291, 54], [169, 37, 201, 69], [431, 54, 463, 86], [435, 76, 467, 108], [9, 120, 41, 152], [280, 121, 312, 153], [414, 174, 446, 206], [51, 186, 83, 218], [125, 206, 157, 238], [351, 232, 383, 264], [266, 281, 298, 313], [162, 284, 194, 316], [109, 287, 141, 319], [496, 301, 528, 333], [86, 336, 118, 368], [137, 353, 169, 385], [89, 357, 121, 389], [324, 361, 356, 393], [160, 387, 192, 419], [567, 427, 599, 459], [16, 437, 48, 469]]","[1, 1, 1, 1, 1, 1, 1, 1, 1, 1, 1, 1, 1, 1, 1, 1, 1, 1, 1, 1, 1, 1]"
honeybee/img/beeType1_037.jpg,honeybee/gt-dots/dots037.png,037,beeType1,1,"[[461, 37, 493, 69], [404, 50, 436, 82], [278, 96, 310, 128], [217, 137, 249, 169], [38, 145, 70, 177], [82, 183, 114, 215], [485, 198, 517, 230], [9, 219, 41, 251], [523, 223, 555, 255], [333, 243, 365, 275], [458, 263, 490, 295], [273, 291, 305, 323], [149, 307, 181, 339], [233, 306, 265, 338], [124, 327, 156, 359], [156, 361, 188, 393], [600, 363, 632, 395], [106, 370, 138, 402], [208, 370, 240, 402], [367, 373, 399, 405], [536, 386, 568, 418], [170, 393, 202, 425], [50, 418, 82, 450]]","[1, 1, 1, 1, 1, 1, 1, 1, 1, 1, 1, 1, 1, 1, 1, 1, 1, 1, 1, 1, 1, 1, 1]"
honeybee/img/beeType1_038.jpg,honeybee/gt-dots/dots038.png,038,beeType1,1,"[[395, 39, 427, 71], [14, 47, 46, 79], [282, 73, 314, 105], [252, 96, 284, 128], [8, 138, 40, 170], [99, 140, 131, 172], [446, 198, 478, 230], [501, 219, 533, 251], [334, 232, 366, 264], [0, 238, 22, 270], [427, 251, 459, 283], [520, 255, 552, 287], [208, 290, 240, 322], [15, 303, 47, 335], [257, 304, 289, 336], [204, 321, 236, 353], [107, 334, 139, 366], [567, 350, 599, 382], [206, 358, 238, 390], [343, 359, 375, 391], [426, 362, 458, 394], [494, 364, 526, 396], [28, 424, 60, 456], [216, 431, 248, 463]]","[1, 1, 1, 1, 1, 1, 1, 1, 1, 1, 1, 1, 1, 1, 1, 1, 1, 1, 1, 1, 1, 1, 1, 1]"
honeybee/img/beeType1_039.jpg,honeybee/gt-dots/dots039.png,039,beeType1,1,"[[599, 10, 631, 42], [414, 40, 446, 72], [304, 45, 336, 77], [335, 46, 367, 78], [285, 51, 317, 83], [70, 95, 102, 127], [73, 142, 105, 174], [153, 150, 185, 182], [365, 165, 397, 197], [350, 221, 382, 253], [606, 239, 638, 271], [504, 247, 536, 279], [394, 248, 426, 280], [274, 280, 306, 312], [261, 331, 293, 363], [526, 333, 558, 365], [100, 338, 132, 370], [321, 344, 353, 376], [245, 351, 277, 383], [194, 353, 226, 385], [455, 354, 487, 386], [511, 370, 543, 402], [620, 398, 639, 430], [14, 445, 46, 477], [0, 458, 25, 479], [268, 458, 300, 479], [616, 458, 639, 479]]","[1, 1, 1, 1, 1, 1, 1, 1, 1, 1, 1, 1, 1, 1, 1, 1, 1, 1, 1, 1, 1, 1, 1, 1, 1, 1, 1]"
honeybee/img/beeType1_040.jpg,honeybee/gt-dots/dots040.png,040,beeType1,1,"[[168, 0, 200, 27], [314, 0, 346, 28], [343, 17, 375, 49], [533, 29, 565, 61], [421, 38, 453, 70], [62, 51, 94, 83], [303, 58, 335, 90], [280, 124, 312, 156], [201, 144, 233, 176], [144, 156, 176, 188], [387, 221, 419, 253], [540, 222, 572, 254], [362, 257, 394, 289], [481, 270, 513, 302], [331, 283, 363, 315], [475, 319, 507, 351], [318, 332, 350, 364], [96, 344, 128, 376], [166, 346, 198, 378], [291, 348, 323, 380], [414, 360, 446, 392], [149, 371, 181, 403]]","[1, 1, 1, 1, 1, 1, 1, 1, 1, 1, 1, 1, 1, 1, 1, 1, 1, 1, 1, 1, 1, 1]"
honeybee/img/beeType1_041.jpg,honeybee/gt-dots/dots041.png,041,beeType1,1,"[[541, 0, 573, 29], [48, 14, 80, 46], [426, 34, 458, 66], [500, 47, 532, 79], [120, 56, 152, 88], [203, 75, 235, 107], [286, 78, 318, 110], [60, 137, 92, 169], [231, 148, 263, 180], [229, 176, 261, 208], [471, 196, 503, 228], [45, 211, 77, 243], [426, 235, 458, 267], [327, 272, 359, 304], [455, 282, 487, 314], [384, 292, 416, 324], [380, 315, 412, 347], [420, 319, 452, 351], [344, 333, 376, 365], [133, 341, 165, 373], [580, 350, 612, 382], [93, 352, 125, 384], [324, 359, 356, 391], [382, 362, 414, 394], [116, 385, 148, 417]]","[1, 1, 1, 1, 1, 1, 1, 1, 1, 1, 1, 1, 1, 1, 1, 1, 1, 1, 1, 1, 1, 1, 1, 1, 1]"
honeybee/img/beeType1_042.jpg,honeybee/gt-dots/dots042.png,042,beeType1,1,"[[288, 0, 320, 32], [486, 12, 518, 44], [129, 20, 161, 52], [427, 28, 459, 60], [404, 53, 436, 85], [481, 68, 513, 100], [0, 81, 23, 113], [271, 90, 303, 122], [78, 105, 110, 137], [122, 122, 154, 154], [144, 127, 176, 159], [258, 170, 290, 202], [415, 179, 447, 211], [311, 188, 343, 220], [461, 263, 493, 295], [598, 268, 630, 300], [457, 287, 489, 319], [286, 291, 318, 323], [417, 297, 449, 329], [580, 318, 612, 350], [354, 327, 386, 359], [109, 330, 141, 362], [404, 334, 436, 366], [359, 365, 391, 397], [97, 379, 129, 411], [76, 394, 108, 426], [500, 396, 532, 428], [489, 455, 521, 479]]","[1, 1, 1, 1, 1, 1, 1, 1, 1, 1, 1, 1, 1, 1, 1, 1, 1, 1, 1, 1, 1, 1, 1, 1, 1, 1, 1, 1]"
honeybee/img/beeType1_043.jpg,honeybee/gt-dots/dots043.png,043,beeType1,1,"[[438, 11, 470, 43], [417, 19, 449, 51], [281, 26, 313, 58], [191, 32, 223, 64], [34, 83, 66, 115], [257, 92, 289, 124], [466, 95, 498, 127], [222, 109, 254, 141], [48, 144, 80, 176], [610, 164, 639, 196], [368, 166, 400, 198], [280, 193, 312, 225], [381, 192, 413, 224], [615, 200, 639, 232], [0, 244, 26, 276], [467, 255, 499, 287], [524, 256, 556, 288], [368, 301, 400, 333], [442, 303, 474, 335], [494, 306, 526, 338], [247, 311, 279, 343], [76, 319, 108, 351], [451, 324, 483, 356], [489, 336, 521, 368], [292, 338, 324, 370], [390, 372, 422, 404], [357, 376, 389, 408], [37, 403, 69, 435], [99, 402, 131, 434], [218, 451, 250, 479], [481, 454, 513, 479]]","[1, 1, 1, 1, 1, 1, 1, 1, 1, 1, 1, 1, 1, 1, 1, 1, 1, 1, 1, 1, 1, 1, 1, 1, 1, 1, 1, 1, 1, 1, 1]"
honeybee/img/beeType1_044.jpg,honeybee/gt-dots/dots044.png,044,beeType1,1,"[[394, 4, 426, 36], [420, 7, 452, 39], [570, 25, 602, 57], [289, 33, 321, 65], [238, 82, 270, 114], [290, 92, 322, 124], [59, 97, 91, 129], [456, 132, 488, 164], [341, 161, 373, 193], [41, 169, 73, 201], [435, 205, 467, 237], [589, 221, 621, 253], [306, 229, 338, 261], [617, 269, 639, 301], [474, 284, 506, 316], [35, 296, 67, 328], [502, 300, 534, 332], [335, 305, 367, 337], [438, 316, 470, 348], [217, 331, 249, 363], [530, 356, 562, 388], [237, 358, 269, 390], [368, 389, 400, 421], [441, 392, 473, 424], [0, 415, 26, 447], [209, 439, 241, 471], [562, 457, 594, 479], [479, 459, 511, 479]]","[1, 1, 1, 1, 1, 1, 1, 1, 1, 1, 1, 1, 1, 1, 1, 1, 1, 1, 1, 1, 1, 1, 1, 1, 1, 1, 1, 1]"
honeybee/img/beeType1_045.jpg,honeybee/gt-dots/dots045.png,045,beeType1,1,"[[417, 0, 449, 23], [344, 0, 376, 26], [173, 0, 205, 30], [490, 2, 522, 34], [320, 19, 352, 51], [212, 60, 244, 92], [614, 61, 639, 93], [543, 62, 575, 94], [264, 85, 296, 117], [343, 87, 375, 119], [61, 129, 93, 161], [339, 158, 371, 190], [442, 161, 474, 193], [49, 191, 81, 223], [477, 223, 509, 255], [450, 247, 482, 279], [581, 262, 613, 294], [0, 268, 26, 300], [337, 283, 369, 315], [298, 313, 330, 345], [418, 322, 450, 354], [610, 333, 639, 365], [190, 344, 222, 376], [193, 378, 225, 410], [372, 389, 404, 421], [489, 400, 521, 432], [32, 412, 64, 444], [577, 416, 609, 448], [193, 418, 225, 450], [372, 421, 404, 453], [84, 449, 116, 479], [580, 453, 612, 479]]","[1, 1, 1, 1, 1, 1, 1, 1, 1, 1, 1, 1, 1, 1, 1, 1, 1, 1, 1, 1, 1, 1, 1, 1, 1, 1, 1, 1, 1, 1, 1, 1]"
honeybee/img/beeType1_046.jpg,honeybee/gt-dots/dots046.png,046,beeType1,1,"[[310, 0, 342, 21], [357, 0, 389, 32], [193, 18, 225, 50], [422, 21, 454, 53], [182, 54, 214, 86], [253, 67, 285, 99], [37, 88, 69, 120], [387, 89, 419, 121], [587, 90, 619, 122], [0, 92, 31, 124], [526, 94, 558, 126], [358, 153, 390, 185], [68, 172, 100, 204], [423, 179, 455, 211], [88, 205, 120, 237], [424, 218, 456, 250], [522, 234, 554, 266], [618, 267, 639, 299], [273, 325, 305, 357], [589, 336, 621, 368], [381, 344, 413, 376], [154, 351, 186, 383], [377, 399, 409, 431], [175, 400, 207, 432], [548, 403, 580, 435], [7, 413, 39, 445], [165, 413, 197, 445], [81, 421, 113, 453], [610, 450, 639, 479], [295, 453, 327, 479]]","[1, 1, 1, 1, 1, 1, 1, 1, 1, 1, 1, 1, 1, 1, 1, 1, 1, 1, 1, 1, 1, 1, 1, 1, 1, 1, 1, 1, 1, 1]"
honeybee/img/beeType1_047.jpg,honeybee/gt-dots/dots047.png,047,beeType1,1,"[[280, 19, 312, 51], [206, 42, 238, 74], [366, 46, 398, 78], [117, 56, 149, 88], [156, 60, 188, 92], [413, 94, 445, 126], [547, 103, 579, 135], [7, 120, 39, 152], [526, 122, 558, 154], [392, 146, 424, 178], [398, 186, 430, 218], [401, 213, 433, 245], [71, 215, 103, 247], [148, 224, 180, 256], [571, 239, 603, 271], [582, 275, 614, 307], [546, 332, 578, 364], [250, 342, 282, 374], [114, 352, 146, 384], [382, 357, 414, 389], [615, 381, 639, 413], [134, 383, 166, 415], [42, 390, 74, 422], [383, 409, 415, 441], [309, 423, 341, 455], [116, 436, 148, 468], [362, 456, 394, 479]]","[1, 1, 1, 1, 1, 1, 1, 1, 1, 1, 1, 1, 1, 1, 1, 1, 1, 1, 1, 1, 1, 1, 1, 1, 1, 1, 1]"
honeybee/img/beeType1_048.jpg,honeybee/gt-dots/dots048.png,048,beeType1,1,"[[553, 0, 585, 30], [253, 7, 285, 39], [201, 34, 233, 66], [303, 62, 335, 94], [209, 65, 241, 97], [118, 84, 150, 116], [413, 102, 445, 134], [492, 109, 524, 141], [430, 139, 462, 171], [529, 139, 561, 171], [24, 148, 56, 180], [376, 162, 408, 194], [21, 189, 53, 221], [359, 239, 391, 271], [238, 241, 270, 273], [617, 246, 639, 278], [74, 262, 106, 294], [0, 279, 24, 311], [547, 282, 579, 314], [493, 321, 525, 353], [445, 329, 477, 361], [64, 347, 96, 379], [611, 357, 639, 389], [225, 361, 257, 393], [88, 373, 120, 405], [355, 374, 387, 406], [387, 404, 419, 436], [373, 448, 405, 479], [149, 456, 181, 479]]","[1, 1, 1, 1, 1, 1, 1, 1, 1, 1, 1, 1, 1, 1, 1, 1, 1, 1, 1, 1, 1, 1, 1, 1, 1, 1, 1, 1, 1]"
honeybee/img/beeType1_049.jpg,honeybee/gt-dots/dots049.png,049,beeType1,1,"[[501, 7, 533, 39], [290, 9, 322, 41], [246, 24, 278, 56], [267, 80, 299, 112], [231, 92, 263, 124], [207, 94, 239, 126], [79, 101, 111, 133], [394, 108, 426, 140], [435, 110, 467, 142], [353, 138, 385, 170], [463, 138, 495, 170], [535, 149, 567, 181], [30, 176, 62, 208], [69, 222, 101, 254], [561, 222, 593, 254], [344, 253, 376, 285], [303, 261, 335, 293], [606, 285, 638, 317], [425, 298, 457, 330], [505, 298, 537, 330], [63, 304, 95, 336], [17, 335, 49, 367], [119, 349, 151, 381], [40, 371, 72, 403], [567, 371, 599, 403], [205, 380, 237, 412], [408, 395, 440, 427], [7, 412, 39, 444], [151, 443, 183, 475], [411, 445, 443, 477]]","[1, 1, 1, 1, 1, 1, 1, 1, 1, 1, 1, 1, 1, 1, 1, 1, 1, 1, 1, 1, 1, 1, 1, 1, 1, 1, 1, 1, 1, 1]"
honeybee/img/beeType1_050.jpg,honeybee/gt-dots/dots050.png,050,beeType1,1,"[[455, 18, 487, 50], [229, 30, 261, 62], [616, 69, 639, 101], [350, 105, 382, 137], [40, 109, 72, 141], [193, 117, 225, 149], [391, 118, 423, 150], [493, 124, 525, 156], [335, 136, 367, 168], [539, 150, 571, 182], [33, 195, 65, 227], [108, 266, 140, 298], [353, 269, 385, 301], [136, 290, 168, 322], [580, 297, 612, 329], [464, 311, 496, 343], [130, 326, 162, 358], [29, 347, 61, 379], [434, 386, 466, 418], [532, 386, 564, 418], [91, 397, 123, 429], [264, 400, 296, 432], [445, 439, 477, 471]]","[1, 1, 1, 1, 1, 1, 1, 1, 1, 1, 1, 1, 1, 1, 1, 1, 1, 1, 1, 1, 1, 1, 1]"
honeybee/img/beeType1_051.jpg,honeybee/gt-dots/dots051.png,051,beeType1,1,"[[403, 21, 435, 53], [212, 30, 244, 62], [578, 61, 610, 93], [301, 97, 333, 129], [524, 107, 556, 139], [0, 113, 25, 145], [363, 126, 395, 158], [181, 141, 213, 173], [305, 143, 337, 175], [537, 150, 569, 182], [102, 157, 134, 189], [0, 183, 20, 215], [20, 215, 52, 247], [280, 249, 312, 281], [191, 273, 223, 305], [543, 272, 575, 304], [133, 306, 165, 338], [159, 306, 191, 338], [554, 309, 586, 341], [115, 311, 147, 343], [435, 320, 467, 352], [45, 341, 77, 373], [473, 376, 505, 408], [1, 380, 33, 412], [504, 402, 536, 434], [220, 410, 252, 442], [175, 421, 207, 453], [482, 434, 514, 466], [125, 445, 157, 477]]","[1, 1, 1, 1, 1, 1, 1, 1, 1, 1, 1, 1, 1, 1, 1, 1, 1, 1, 1, 1, 1, 1, 1, 1, 1, 1, 1, 1, 1]"
honeybee/img/beeType1_052.jpg,honeybee/gt-dots/dots052.png,052,beeType1,1,"[[345, 17, 377, 49], [517, 17, 549, 49], [197, 40, 229, 72], [538, 52, 570, 84], [247, 76, 279, 108], [547, 88, 579, 120], [340, 136, 372, 168], [0, 152, 22, 184], [149, 153, 181, 185], [267, 154, 299, 186], [515, 154, 547, 186], [40, 183, 72, 215], [219, 239, 251, 271], [2, 240, 34, 272], [508, 283, 540, 315], [13, 285, 45, 317], [78, 292, 110, 324], [411, 326, 443, 358], [151, 338, 183, 370], [85, 344, 117, 376], [601, 345, 633, 377], [529, 379, 561, 411], [497, 415, 529, 447], [76, 425, 108, 457], [184, 424, 216, 456], [168, 433, 200, 465]]","[1, 1, 1, 1, 1, 1, 1, 1, 1, 1, 1, 1, 1, 1, 1, 1, 1, 1, 1, 1, 1, 1, 1, 1, 1, 1]"
honeybee/img/beeType1_053.jpg,honeybee/gt-dots/dots053.png,053,beeType1,1,"[[287, 7, 319, 39], [10, 10, 42, 42], [486, 49, 518, 81], [549, 51, 581, 83], [186, 54, 218, 86], [572, 81, 604, 113], [307, 139, 339, 171], [115, 160, 147, 192], [217, 164, 249, 196], [482, 166, 514, 198], [164, 235, 196, 267], [255, 249, 287, 281], [476, 265, 508, 297], [24, 268, 56, 300], [394, 342, 426, 374], [583, 347, 615, 379], [437, 352, 469, 384], [152, 371, 184, 403], [13, 388, 45, 420], [579, 400, 611, 432], [43, 426, 75, 458]]","[1, 1, 1, 1, 1, 1, 1, 1, 1, 1, 1, 1, 1, 1, 1, 1, 1, 1, 1, 1, 1]"
honeybee/img/beeType1_054.jpg,honeybee/gt-dots/dots054.png,054,beeType1,1,"[[229, 0, 261, 23], [141, 41, 173, 73], [444, 43, 476, 75], [154, 78, 186, 110], [606, 79, 638, 111], [579, 87, 611, 119], [259, 139, 291, 171], [70, 160, 102, 192], [166, 168, 198, 200], [430, 173, 462, 205], [150, 193, 182, 225], [123, 235, 155, 267], [438, 239, 470, 271], [292, 242, 324, 274], [568, 336, 600, 368], [537, 354, 569, 386], [379, 362, 411, 394], [14, 442, 46, 474], [334, 443, 366, 475], [127, 448, 159, 479], [170, 448, 202, 479]]","[1, 1, 1, 1, 1, 1, 1, 1, 1, 1, 1, 1, 1, 1, 1, 1, 1, 1, 1, 1, 1]"
honeybee/img/beeType1_055.jpg,honeybee/gt-dots/dots055.png,055,beeType1,1,"[[93, 27, 125, 59], [397, 38, 429, 70], [121, 94, 153, 126], [605, 115, 637, 147], [203, 136, 235, 168], [10, 154, 42, 186], [114, 162, 146, 194], [379, 190, 411, 222], [403, 217, 435, 249], [353, 235, 385, 267], [111, 255, 143, 287], [10, 294, 42, 326], [557, 323, 589, 355], [460, 337, 492, 369], [339, 360, 371, 392], [350, 381, 382, 413], [315, 436, 347, 468], [172, 442, 204, 474], [237, 447, 269, 479], [115, 448, 147, 479]]","[1, 1, 1, 1, 1, 1, 1, 1, 1, 1, 1, 1, 1, 1, 1, 1, 1, 1, 1, 1]"
honeybee/img/beeType1_056.jpg,honeybee/gt-dots/dots056.png,056,beeType1,1,"[[1, 6, 33, 38], [346, 21, 378, 53], [57, 27, 89, 59], [0, 74, 24, 106], [92, 108, 124, 140], [157, 135, 189, 167], [55, 151, 87, 183], [614, 162, 639, 194], [366, 193, 398, 225], [421, 214, 453, 246], [118, 283, 150, 315], [524, 302, 556, 334], [48, 310, 80, 342], [384, 331, 416, 363], [295, 363, 327, 395], [28, 367, 60, 399], [316, 407, 348, 439], [271, 414, 303, 446], [296, 431, 328, 463], [615, 436, 639, 468], [181, 439, 213, 471]]","[1, 1, 1, 1, 1, 1, 1, 1, 1, 1, 1, 1, 1, 1, 1, 1, 1, 1, 1, 1, 1]"
honeybee/img/beeType1_057.jpg,honeybee/gt-dots/dots057.png,057,beeType1,1,"[[297, 0, 329, 32], [24, 18, 56, 50], [590, 49, 622, 81], [57, 121, 89, 153], [116, 121, 148, 153], [0, 138, 32, 170], [335, 175, 367, 207], [584, 177, 616, 209], [159, 188, 191, 220], [485, 202, 517, 234], [258, 217, 290, 249], [487, 286, 519, 318], [70, 322, 102, 354], [143, 332, 175, 364], [306, 335, 338, 367], [0, 339, 26, 371], [255, 356, 287, 388], [297, 369, 329, 401], [525, 420, 557, 452], [255, 429, 287, 461], [184, 433, 216, 465], [286, 436, 318, 468]]","[1, 1, 1, 1, 1, 1, 1, 1, 1, 1, 1, 1, 1, 1, 1, 1, 1, 1, 1, 1, 1, 1]"
honeybee/img/beeType1_058.jpg,honeybee/gt-dots/dots058.png,058,beeType1,1,"[[263, 0, 295, 24], [0, 25, 22, 57], [526, 72, 558, 104], [34, 75, 66, 107], [81, 110, 113, 142], [14, 123, 46, 155], [301, 165, 333, 197], [542, 188, 574, 220], [591, 198, 623, 230], [557, 206, 589, 238], [246, 228, 278, 260], [206, 244, 238, 276], [248, 264, 280, 296], [445, 281, 477, 313], [25, 300, 57, 332], [321, 322, 353, 354], [74, 325, 106, 357], [233, 331, 265, 363], [234, 354, 266, 386], [27, 356, 59, 388], [175, 365, 207, 397], [190, 436, 222, 468], [213, 444, 245, 476]]","[1, 1, 1, 1, 1, 1, 1, 1, 1, 1, 1, 1, 1, 1, 1, 1, 1, 1, 1, 1, 1, 1, 1]"
honeybee/img/beeType1_059.jpg,honeybee/gt-dots/dots059.png,059,beeType1,1,"[[607, 43, 639, 75], [52, 91, 84, 123], [465, 95, 497, 127], [63, 130, 95, 162], [504, 142, 536, 174], [160, 151, 192, 183], [271, 158, 303, 190], [500, 183, 532, 215], [597, 183, 629, 215], [491, 197, 523, 229], [589, 216, 621, 248], [511, 226, 543, 258], [152, 260, 184, 292], [359, 265, 391, 297], [217, 269, 249, 301], [81, 284, 113, 316], [400, 289, 432, 321], [62, 317, 94, 349], [163, 318, 195, 350], [69, 345, 101, 377], [228, 354, 260, 386], [602, 359, 634, 391], [209, 399, 241, 431], [373, 401, 405, 433], [199, 445, 231, 477], [169, 450, 201, 479]]","[1, 1, 1, 1, 1, 1, 1, 1, 1, 1, 1, 1, 1, 1, 1, 1, 1, 1, 1, 1, 1, 1, 1, 1, 1, 1]"
honeybee/img/beeType1_060.jpg,honeybee/gt-dots/dots060.png,060,beeType1,1,"[[15, 74, 47, 106], [565, 82, 597, 114], [418, 126, 450, 158], [234, 152, 266, 184], [467, 168, 499, 200], [219, 180, 251, 212], [114, 184, 146, 216], [543, 200, 575, 232], [390, 220, 422, 252], [445, 224, 477, 256], [538, 231, 570, 263], [155, 252, 187, 284], [445, 269, 477, 301], [216, 272, 248, 304], [326, 274, 358, 306], [114, 279, 146, 311], [598, 282, 630, 314], [350, 295, 382, 327], [14, 301, 46, 333], [99, 309, 131, 341], [124, 325, 156, 357], [4, 332, 36, 364], [580, 362, 612, 394], [506, 364, 538, 396], [236, 366, 268, 398], [289, 388, 321, 420], [236, 420, 268, 452], [210, 451, 242, 479], [129, 456, 161, 479]]","[1, 1, 1, 1, 1, 1, 1, 1, 1, 1, 1, 1, 1, 1, 1, 1, 1, 1, 1, 1, 1, 1, 1, 1, 1, 1, 1, 1, 1]"
honeybee/img/beeType1_061.jpg,honeybee/gt-dots/dots061.png,061,beeType1,1,"[[349, 103, 381, 135], [518, 123, 550, 155], [352, 140, 384, 172], [206, 148, 238, 180], [7, 152, 39, 184], [461, 168, 493, 200], [406, 172, 438, 204], [432, 180, 464, 212], [286, 195, 318, 227], [242, 211, 274, 243], [175, 232, 207, 264], [576, 235, 608, 267], [251, 256, 283, 288], [378, 267, 410, 299], [309, 284, 341, 316], [192, 290, 224, 322], [538, 291, 570, 323], [364, 294, 396, 326], [85, 297, 117, 329], [34, 309, 66, 341], [372, 320, 404, 352], [406, 329, 438, 361], [52, 334, 84, 366], [419, 358, 451, 390], [203, 368, 235, 400], [243, 380, 275, 412], [242, 441, 274, 473], [87, 452, 119, 479]]","[1, 1, 1, 1, 1, 1, 1, 1, 1, 1, 1, 1, 1, 1, 1, 1, 1, 1, 1, 1, 1, 1, 1, 1, 1, 1, 1, 1]"
honeybee/img/beeType1_062.jpg,honeybee/gt-dots/dots062.png,062,beeType1,1,"[[558, 2, 590, 34], [273, 74, 305, 106], [375, 127, 407, 159], [410, 144, 442, 176], [297, 150, 329, 182], [184, 152, 216, 184], [331, 153, 363, 185], [90, 164, 122, 196], [469, 172, 501, 204], [415, 183, 447, 215], [584, 196, 616, 228], [333, 210, 365, 242], [295, 228, 327, 260], [503, 234, 535, 266], [616, 234, 639, 266], [336, 254, 368, 286], [269, 256, 301, 288], [235, 270, 267, 302], [476, 299, 508, 331], [72, 313, 104, 345], [245, 312, 277, 344], [438, 332, 470, 364], [120, 349, 152, 381], [308, 352, 340, 384], [344, 360, 376, 392], [254, 397, 286, 429], [35, 443, 67, 475]]","[1, 1, 1, 1, 1, 1, 1, 1, 1, 1, 1, 1, 1, 1, 1, 1, 1, 1, 1, 1, 1, 1, 1, 1, 1, 1, 1]"
honeybee/img/beeType1_063.jpg,honeybee/gt-dots/dots063.png,063,beeType1,1,"[[96, 0, 128, 25], [477, 17, 509, 49], [352, 28, 384, 60], [189, 35, 221, 67], [413, 77, 445, 109], [287, 81, 319, 113], [583, 110, 615, 142], [386, 124, 418, 156], [583, 143, 615, 175], [144, 146, 176, 178], [260, 156, 292, 188], [416, 172, 448, 204], [235, 188, 267, 220], [452, 193, 484, 225], [339, 197, 371, 229], [543, 213, 575, 245], [344, 223, 376, 255], [431, 231, 463, 263], [361, 241, 393, 273], [271, 263, 303, 295], [426, 302, 458, 334], [137, 312, 169, 344], [293, 333, 325, 365], [35, 338, 67, 370], [67, 340, 99, 372], [0, 352, 27, 384], [265, 356, 297, 388], [589, 368, 621, 400], [250, 371, 282, 403], [262, 420, 294, 452], [0, 436, 25, 468]]","[1, 1, 1, 1, 1, 1, 1, 1, 1, 1, 1, 1, 1, 1, 1, 1, 1, 1, 1, 1, 1, 1, 1, 1, 1, 1, 1, 1, 1, 1, 1]"
honeybee/img/beeType1_064.jpg,honeybee/gt-dots/dots064.png,064,beeType1,1,"[[109, 0, 141, 22], [474, 0, 506, 26], [71, 0, 103, 31], [391, 31, 423, 63], [216, 46, 248, 78], [323, 88, 355, 120], [562, 103, 594, 135], [357, 105, 389, 137], [119, 131, 151, 163], [104, 143, 136, 175], [427, 155, 459, 187], [524, 158, 556, 190], [208, 163, 240, 195], [386, 162, 418, 194], [275, 166, 307, 198], [419, 181, 451, 213], [374, 184, 406, 216], [542, 203, 574, 235], [525, 231, 557, 263], [262, 252, 294, 284], [350, 264, 382, 296], [375, 302, 407, 334], [35, 309, 67, 341], [570, 340, 602, 372], [78, 343, 110, 375], [180, 363, 212, 395], [525, 371, 557, 403], [62, 375, 94, 407], [210, 390, 242, 422], [348, 407, 380, 439], [276, 434, 308, 466]]","[1, 1, 1, 1, 1, 1, 1, 1, 1, 1, 1, 1, 1, 1, 1, 1, 1, 1, 1, 1, 1, 1, 1, 1, 1, 1, 1, 1, 1, 1, 1]"
honeybee/img/beeType1_065.jpg,honeybee/gt-dots/dots065.png,065,beeType1,1,"[[40, 5, 72, 37], [154, 21, 186, 53], [296, 40, 328, 72], [586, 81, 618, 113], [0, 82, 26, 114], [323, 84, 355, 116], [311, 125, 343, 157], [60, 128, 92, 160], [436, 129, 468, 161], [489, 134, 521, 166], [293, 148, 325, 180], [386, 157, 418, 189], [172, 161, 204, 193], [472, 176, 504, 208], [619, 194, 639, 226], [482, 233, 514, 265], [526, 236, 558, 268], [616, 242, 639, 274], [246, 253, 278, 285], [323, 290, 355, 322], [168, 336, 200, 368], [332, 346, 364, 378], [79, 371, 111, 403], [464, 370, 496, 402], [177, 423, 209, 455], [58, 424, 90, 456], [241, 424, 273, 456], [287, 444, 319, 476]]","[1, 1, 1, 1, 1, 1, 1, 1, 1, 1, 1, 1, 1, 1, 1, 1, 1, 1, 1, 1, 1, 1, 1, 1, 1, 1, 1, 1]"
honeybee/img/beeType1_066.jpg,honeybee/gt-dots/dots066.png,066,beeType1,1,"[[2, 0, 34, 26], [120, 7, 152, 39], [5, 11, 37, 43], [205, 62, 237, 94], [284, 64, 316, 96], [533, 91, 565, 123], [230, 93, 262, 125], [452, 92, 484, 124], [371, 117, 403, 149], [18, 124, 50, 156], [472, 139, 504, 171], [135, 158, 167, 190], [558, 172, 590, 204], [427, 192, 459, 224], [253, 211, 285, 243], [555, 232, 587, 264], [406, 244, 438, 276], [223, 261, 255, 293], [249, 286, 281, 318], [277, 305, 309, 337], [568, 312, 600, 344], [255, 336, 287, 368], [400, 360, 432, 392], [285, 392, 317, 424], [268, 435, 300, 467], [161, 453, 193, 479], [303, 456, 335, 479]]","[1, 1, 1, 1, 1, 1, 1, 1, 1, 1, 1, 1, 1, 1, 1, 1, 1, 1, 1, 1, 1, 1, 1, 1, 1, 1, 1]"
honeybee/img/beeType1_067.jpg,honeybee/gt-dots/dots067.png,067,beeType1,1,"[[90, 0, 122, 21], [108, 17, 140, 49], [565, 38, 597, 70], [244, 43, 276, 75], [36, 58, 68, 90], [465, 58, 497, 90], [141, 69, 173, 101], [346, 76, 378, 108], [110, 84, 142, 116], [566, 130, 598, 162], [496, 149, 528, 181], [107, 167, 139, 199], [377, 206, 409, 238], [596, 228, 628, 260], [335, 247, 367, 279], [174, 266, 206, 298], [222, 273, 254, 305], [179, 284, 211, 316], [220, 303, 252, 335], [316, 336, 348, 368], [494, 373, 526, 405], [610, 390, 639, 422], [1, 407, 33, 439], [241, 443, 273, 475], [288, 457, 320, 479], [135, 459, 167, 479], [316, 458, 348, 479]]","[1, 1, 1, 1, 1, 1, 1, 1, 1, 1, 1, 1, 1, 1, 1, 1, 1, 1, 1, 1, 1, 1, 1, 1, 1, 1, 1]"
honeybee/img/beeType1_068.jpg,honeybee/gt-dots/dots068.png,068,beeType1,1,"[[80, 23, 112, 55], [205, 27, 237, 59], [472, 26, 504, 58], [314, 30, 346, 62], [22, 104, 54, 136], [440, 120, 472, 152], [58, 172, 90, 204], [6, 176, 38, 208], [319, 226, 351, 258], [279, 246, 311, 278], [124, 277, 156, 309], [157, 302, 189, 334], [387, 321, 419, 353], [187, 335, 219, 367], [266, 347, 298, 379], [32, 441, 64, 473]]","[1, 1, 1, 1, 1, 1, 1, 1, 1, 1, 1, 1, 1, 1, 1, 1]"
honeybee/img/beeType1_069.jpg,honeybee/gt-dots/dots069.png,069,beeType1,1,"[[106, 0, 138, 25], [271, 0, 303, 24], [480, 0, 512, 32], [68, 3, 100, 35], [171, 14, 203, 46], [52, 38, 84, 70], [0, 75, 23, 107], [389, 96, 421, 128], [15, 165, 47, 197], [47, 179, 79, 211], [234, 234, 266, 266], [255, 248, 287, 280], [85, 267, 117, 299], [73, 281, 105, 313], [462, 294, 494, 326], [87, 319, 119, 351], [612, 352, 639, 384], [57, 372, 89, 404], [160, 401, 192, 433]]","[1, 1, 1, 1, 1, 1, 1, 1, 1, 1, 1, 1, 1, 1, 1, 1, 1, 1, 1]"
honeybee/img/beeType1_070.jpg,honeybee/gt-dots/dots070.png,070,beeType1,1,"[[136, 3, 168, 35], [53, 10, 85, 42], [353, 72, 385, 104], [10, 98, 42, 130], [599, 167, 631, 199], [87, 189, 119, 221], [186, 221, 218, 253], [170, 253, 202, 285], [554, 254, 586, 286], [73, 258, 105, 290], [0, 282, 23, 314], [17, 346, 49, 378], [593, 347, 625, 379], [0, 407, 24, 439], [609, 458, 639, 479]]","[1, 1, 1, 1, 1, 1, 1, 1, 1, 1, 1, 1, 1, 1, 1]"
honeybee/img/beeType1_071.jpg,honeybee/gt-dots/dots071.png,071,beeType1,1,"[[470, 0, 502, 21], [104, 0, 136, 25], [269, 0, 301, 28], [41, 15, 73, 47], [326, 45, 358, 77], [28, 129, 60, 161], [571, 135, 603, 167], [130, 202, 162, 234], [88, 259, 120, 291], [572, 331, 604, 363], [89, 372, 121, 404], [1, 390, 33, 422], [40, 392, 72, 424]]","[1, 1, 1, 1, 1, 1, 1, 1, 1, 1, 1, 1, 1]"
honeybee/img/beeType1_072.jpg,honeybee/gt-dots/dots072.png,072,beeType1,1,"[[35, 9, 67, 41], [458, 10, 490, 42], [307, 13, 339, 45], [553, 121, 585, 153], [46, 154, 78, 186], [77, 167, 109, 199], [162, 217, 194, 249], [590, 228, 622, 260], [117, 239, 149, 271], [2, 280, 34, 312], [556, 313, 588, 345], [79, 363, 111, 395], [611, 393, 639, 425], [71, 434, 103, 466]]","[1, 1, 1, 1, 1, 1, 1, 1, 1, 1, 1, 1, 1, 1]"
honeybee/img/beeType1_073.jpg,honeybee/gt-dots/dots073.png,073,beeType1,1,"[[28, 0, 60, 22], [461, 19, 493, 51], [585, 25, 617, 57], [541, 107, 573, 139], [588, 164, 620, 196], [53, 166, 85, 198], [181, 231, 213, 263], [165, 243, 197, 275], [515, 248, 547, 280], [546, 301, 578, 333], [116, 339, 148, 371], [57, 396, 89, 428], [529, 409, 561, 441]]","[1, 1, 1, 1, 1, 1, 1, 1, 1, 1, 1, 1, 1]"
honeybee/img/beeType1_074.jpg,honeybee/gt-dots/dots074.png,074,beeType1,1,"[[510, 12, 542, 44], [465, 31, 497, 63], [17, 50, 49, 82], [528, 103, 560, 135], [77, 189, 109, 221], [515, 198, 547, 230], [573, 201, 605, 233], [199, 240, 231, 272], [457, 266, 489, 298], [203, 278, 235, 310], [518, 292, 550, 324], [166, 310, 198, 342], [43, 348, 75, 380], [18, 379, 50, 411], [436, 415, 468, 447], [42, 445, 74, 477]]","[1, 1, 1, 1, 1, 1, 1, 1, 1, 1, 1, 1, 1, 1, 1, 1]"
honeybee/img/beeType1_075.jpg,honeybee/gt-dots/dots075.png,075,beeType1,1,"[[362, 0, 394, 29], [80, 3, 112, 35], [448, 12, 480, 44], [460, 40, 492, 72], [507, 100, 539, 132], [568, 181, 600, 213], [240, 199, 272, 231], [510, 202, 542, 234], [437, 213, 469, 245], [100, 214, 132, 246], [226, 253, 258, 285], [407, 276, 439, 308], [25, 294, 57, 326], [489, 294, 521, 326], [69, 368, 101, 400], [341, 411, 373, 443], [236, 454, 268, 479]]","[1, 1, 1, 1, 1, 1, 1, 1, 1, 1, 1, 1, 1, 1, 1, 1, 1]"
honeybee/img/beeType1_076.jpg,honeybee/gt-dots/dots076.png,076,beeType1,1,"[[403, 13, 435, 45], [474, 43, 506, 75], [409, 50, 441, 82], [436, 57, 468, 89], [475, 95, 507, 127], [279, 175, 311, 207], [381, 210, 413, 242], [467, 214, 499, 246], [508, 218, 540, 250], [3, 232, 35, 264], [121, 240, 153, 272], [290, 256, 322, 288], [248, 266, 280, 298], [379, 287, 411, 319], [468, 294, 500, 326], [582, 298, 614, 330], [117, 345, 149, 377], [274, 415, 306, 447], [192, 417, 224, 449], [565, 443, 597, 475], [194, 455, 226, 479]]","[1, 1, 1, 1, 1, 1, 1, 1, 1, 1, 1, 1, 1, 1, 1, 1, 1, 1, 1, 1, 1]"
honeybee/img/beeType1_077.jpg,honeybee/gt-dots/dots077.png,077,beeType1,1,"[[370, 16, 402, 48], [407, 79, 439, 111], [438, 81, 470, 113], [478, 90, 510, 122], [433, 108, 465, 140], [0, 169, 21, 201], [304, 175, 336, 207], [362, 199, 394, 231], [425, 213, 457, 245], [350, 238, 382, 270], [447, 257, 479, 289], [137, 267, 169, 299], [256, 273, 288, 305], [605, 281, 637, 313], [339, 298, 371, 330], [461, 303, 493, 335], [495, 318, 527, 350], [158, 342, 190, 374], [422, 344, 454, 376], [19, 377, 51, 409], [162, 376, 194, 408], [607, 379, 639, 411], [211, 412, 243, 444], [520, 419, 552, 451], [592, 424, 624, 456], [199, 443, 231, 475], [500, 442, 532, 474]]","[1, 1, 1, 1, 1, 1, 1, 1, 1, 1, 1, 1, 1, 1, 1, 1, 1, 1, 1, 1, 1, 1, 1, 1, 1, 1, 1]"
honeybee/img/beeType1_078.jpg,honeybee/gt-dots/dots078.png,078,beeType1,1,"[[355, 19, 387, 51], [396, 62, 428, 94], [29, 107, 61, 139], [364, 109, 396, 141], [616, 119, 639, 151], [469, 135, 501, 167], [428, 166, 460, 198], [366, 191, 398, 223], [302, 192, 334, 224], [535, 207, 567, 239], [399, 211, 431, 243], [373, 216, 405, 248], [246, 281, 278, 313], [380, 286, 412, 318], [153, 298, 185, 330], [473, 299, 505, 331], [308, 306, 340, 338], [409, 320, 441, 352], [163, 327, 195, 359], [535, 326, 567, 358], [141, 337, 173, 369], [59, 354, 91, 386], [23, 367, 55, 399], [548, 383, 580, 415], [145, 400, 177, 432], [523, 408, 555, 440], [447, 429, 479, 461], [208, 433, 240, 465], [380, 437, 412, 469]]","[1, 1, 1, 1, 1, 1, 1, 1, 1, 1, 1, 1, 1, 1, 1, 1, 1, 1, 1, 1, 1, 1, 1, 1, 1, 1, 1, 1, 1]"
honeybee/img/beeType1_079.jpg,honeybee/gt-dots/dots079.png,079,beeType1,1,"[[351, 14, 383, 46], [359, 44, 391, 76], [75, 47, 107, 79], [158, 53, 190, 85], [10, 75, 42, 107], [310, 147, 342, 179], [585, 152, 617, 184], [450, 156, 482, 188], [437, 186, 469, 218], [368, 207, 400, 239], [275, 212, 307, 244], [333, 220, 365, 252], [390, 225, 422, 257], [23, 254, 55, 286], [62, 279, 94, 311], [115, 280, 147, 312], [228, 284, 260, 316], [495, 295, 527, 327], [77, 300, 109, 332], [324, 310, 356, 342], [160, 313, 192, 345], [282, 322, 314, 354], [106, 325, 138, 357], [453, 355, 485, 387], [79, 378, 111, 410], [396, 392, 428, 424], [417, 421, 449, 453], [222, 422, 254, 454], [469, 446, 501, 478]]","[1, 1, 1, 1, 1, 1, 1, 1, 1, 1, 1, 1, 1, 1, 1, 1, 1, 1, 1, 1, 1, 1, 1, 1, 1, 1, 1, 1, 1]"
honeybee/img/beeType1_080.jpg,honeybee/gt-dots/dots080.png,080,beeType1,1,"[[208, 0, 240, 28], [296, 1, 328, 33], [356, 1, 388, 33], [311, 11, 343, 43], [39, 90, 71, 122], [472, 144, 504, 176], [611, 159, 639, 191], [417, 164, 449, 196], [2, 179, 34, 211], [257, 178, 289, 210], [536, 192, 568, 224], [291, 217, 323, 249], [231, 224, 263, 256], [101, 228, 133, 260], [364, 232, 396, 264], [564, 233, 596, 265], [83, 241, 115, 273], [159, 271, 191, 303], [346, 270, 378, 302], [139, 280, 171, 312], [520, 283, 552, 315], [261, 286, 293, 318], [213, 288, 245, 320], [258, 329, 290, 361], [166, 346, 198, 378], [26, 358, 58, 390], [406, 368, 438, 400], [81, 370, 113, 402], [52, 375, 84, 407], [613, 374, 639, 406], [376, 378, 408, 410], [1, 385, 33, 417], [381, 397, 413, 429], [456, 396, 488, 428], [235, 415, 267, 447], [325, 455, 357, 479]]","[1, 1, 1, 1, 1, 1, 1, 1, 1, 1, 1, 1, 1, 1, 1, 1, 1, 1, 1, 1, 1, 1, 1, 1, 1, 1, 1, 1, 1, 1, 1, 1, 1, 1, 1, 1]"
honeybee/img/beeType1_081.jpg,honeybee/gt-dots/dots081.png,081,beeType1,1,"[[363, 0, 395, 28], [608, 46, 639, 78], [12, 55, 44, 87], [487, 110, 519, 142], [547, 121, 579, 153], [63, 123, 95, 155], [31, 141, 63, 173], [381, 161, 413, 193], [80, 171, 112, 203], [613, 191, 639, 223], [203, 207, 235, 239], [255, 217, 287, 249], [279, 227, 311, 259], [106, 241, 138, 273], [168, 242, 200, 274], [193, 242, 225, 274], [339, 242, 371, 274], [485, 244, 517, 276], [217, 255, 249, 287], [529, 268, 561, 300], [201, 295, 233, 327], [300, 304, 332, 336], [218, 329, 250, 361], [64, 340, 96, 372], [84, 356, 116, 388], [176, 369, 208, 401], [399, 368, 431, 400], [472, 372, 504, 404], [608, 384, 639, 416], [370, 391, 402, 423], [249, 406, 281, 438], [323, 412, 355, 444]]","[1, 1, 1, 1, 1, 1, 1, 1, 1, 1, 1, 1, 1, 1, 1, 1, 1, 1, 1, 1, 1, 1, 1, 1, 1, 1, 1, 1, 1, 1, 1, 1]"
honeybee/img/beeType1_082.jpg,honeybee/gt-dots/dots082.png,082,beeType1,1,"[[357, 0, 389, 29], [481, 8, 513, 40], [20, 44, 52, 76], [63, 47, 95, 79], [544, 77, 576, 109], [486, 83, 518, 115], [68, 101, 100, 133], [342, 151, 374, 183], [311, 154, 343, 186], [77, 170, 109, 202], [374, 171, 406, 203], [322, 179, 354, 211], [77, 198, 109, 230], [206, 217, 238, 249], [155, 228, 187, 260], [306, 237, 338, 269], [520, 244, 552, 276], [152, 247, 184, 279], [254, 258, 286, 290], [421, 261, 453, 293], [419, 287, 451, 319], [542, 296, 574, 328], [177, 302, 209, 334], [124, 318, 156, 350], [182, 325, 214, 357], [85, 327, 117, 359], [280, 331, 312, 363], [492, 358, 524, 390], [364, 372, 396, 404], [168, 377, 200, 409], [375, 391, 407, 423], [615, 392, 639, 424], [254, 396, 286, 428], [106, 431, 138, 463], [276, 438, 308, 470], [491, 445, 523, 477], [35, 451, 67, 479], [312, 450, 344, 479]]","[1, 1, 1, 1, 1, 1, 1, 1, 1, 1, 1, 1, 1, 1, 1, 1, 1, 1, 1, 1, 1, 1, 1, 1, 1, 1, 1, 1, 1, 1, 1, 1, 1, 1, 1, 1, 1, 1]"
honeybee/img/beeType1_083.jpg,honeybee/gt-dots/dots083.png,083,beeType1,1,"[[21, 0, 53, 26], [487, 15, 519, 47], [349, 17, 381, 49], [509, 43, 541, 75], [12, 47, 44, 79], [423, 47, 455, 79], [102, 55, 134, 87], [481, 58, 513, 90], [67, 64, 99, 96], [412, 85, 444, 117], [491, 108, 523, 140], [89, 113, 121, 145], [322, 155, 354, 187], [46, 160, 78, 192], [218, 177, 250, 209], [181, 182, 213, 214], [516, 217, 548, 249], [285, 221, 317, 253], [96, 233, 128, 265], [91, 250, 123, 282], [122, 267, 154, 299], [156, 278, 188, 310], [320, 284, 352, 316], [129, 290, 161, 322], [539, 292, 571, 324], [87, 303, 119, 335], [155, 307, 187, 339], [146, 320, 178, 352], [363, 328, 395, 360], [483, 339, 515, 371], [284, 361, 316, 393], [313, 379, 345, 411], [149, 384, 181, 416], [251, 385, 283, 417], [618, 384, 639, 416], [384, 387, 416, 419], [106, 395, 138, 427], [467, 420, 499, 452], [312, 442, 344, 474], [604, 452, 636, 479], [83, 454, 115, 479], [145, 461, 177, 479]]","[1, 1, 1, 1, 1, 1, 1, 1, 1, 1, 1, 1, 1, 1, 1, 1, 1, 1, 1, 1, 1, 1, 1, 1, 1, 1, 1, 1, 1, 1, 1, 1, 1, 1, 1, 1, 1, 1, 1, 1, 1, 1]"
honeybee/img/beeType1_084.jpg,honeybee/gt-dots/dots084.png,084,beeType1,1,"[[60, 0, 92, 26], [190, 4, 222, 36], [509, 10, 541, 42], [74, 17, 106, 49], [133, 25, 165, 57], [355, 24, 387, 56], [470, 36, 502, 68], [0, 40, 23, 72], [327, 42, 359, 74], [555, 55, 587, 87], [8, 67, 40, 99], [535, 78, 567, 110], [433, 126, 465, 158], [20, 131, 52, 163], [228, 139, 260, 171], [138, 141, 170, 173], [315, 164, 347, 196], [512, 177, 544, 209], [245, 198, 277, 230], [0, 220, 22, 252], [50, 239, 82, 271], [22, 240, 54, 272], [170, 252, 202, 284], [92, 263, 124, 295], [67, 275, 99, 307], [578, 289, 610, 321], [113, 302, 145, 334], [311, 303, 343, 335], [543, 304, 575, 336], [437, 307, 469, 339], [380, 308, 412, 340], [131, 311, 163, 343], [110, 358, 142, 390], [313, 366, 345, 398], [249, 380, 281, 412], [524, 383, 556, 415], [554, 383, 586, 415], [409, 385, 441, 417], [303, 388, 335, 420], [447, 391, 479, 423], [112, 394, 144, 426], [319, 433, 351, 465], [123, 445, 155, 477]]","[1, 1, 1, 1, 1, 1, 1, 1, 1, 1, 1, 1, 1, 1, 1, 1, 1, 1, 1, 1, 1, 1, 1, 1, 1, 1, 1, 1, 1, 1, 1, 1, 1, 1, 1, 1, 1, 1, 1, 1, 1, 1, 1]"
honeybee/img/beeType1_085.jpg,honeybee/gt-dots/dots085.png,085,beeType1,1,"[[286, 0, 318, 29], [169, 0, 201, 30], [49, 12, 81, 44], [74, 15, 106, 47], [454, 23, 486, 55], [0, 47, 31, 79], [0, 62, 21, 94], [293, 62, 325, 94], [618, 89, 639, 121], [4, 96, 36, 128], [564, 104, 596, 136], [116, 113, 148, 145], [237, 119, 269, 151], [5, 129, 37, 161], [505, 128, 537, 160], [397, 150, 429, 182], [217, 182, 249, 214], [302, 187, 334, 219], [44, 199, 76, 231], [4, 228, 36, 260], [168, 237, 200, 269], [34, 239, 66, 271], [71, 247, 103, 279], [385, 255, 417, 287], [510, 300, 542, 332], [58, 303, 90, 335], [108, 312, 140, 344], [506, 319, 538, 351], [430, 326, 462, 358], [285, 330, 317, 362], [434, 361, 466, 393], [459, 381, 491, 413], [260, 382, 292, 414], [86, 395, 118, 427], [285, 403, 317, 435], [182, 419, 214, 451], [303, 421, 335, 453]]","[1, 1, 1, 1, 1, 1, 1, 1, 1, 1, 1, 1, 1, 1, 1, 1, 1, 1, 1, 1, 1, 1, 1, 1, 1, 1, 1, 1, 1, 1, 1, 1, 1, 1, 1, 1, 1]"
honeybee/img/beeType1_086.jpg,honeybee/gt-dots/dots086.png,086,beeType1,1,"[[421, 10, 453, 42], [53, 20, 85, 52], [65, 39, 97, 71], [0, 48, 25, 80], [148, 49, 180, 81], [96, 73, 128, 105], [252, 74, 284, 106], [498, 76, 530, 108], [253, 99, 285, 131], [602, 127, 634, 159], [0, 128, 24, 160], [356, 157, 388, 189], [194, 160, 226, 192], [97, 167, 129, 199], [596, 178, 628, 210], [337, 190, 369, 222], [0, 200, 23, 232], [479, 212, 511, 244], [270, 216, 302, 248], [99, 226, 131, 258], [42, 232, 74, 264], [161, 238, 193, 270], [118, 268, 150, 300], [542, 282, 574, 314], [54, 288, 86, 320], [389, 312, 421, 344], [80, 320, 112, 352], [20, 330, 52, 362], [279, 340, 311, 372], [432, 346, 464, 378], [462, 350, 494, 382], [391, 363, 423, 395], [283, 397, 315, 429], [85, 398, 117, 430], [55, 424, 87, 456], [260, 428, 292, 460], [229, 430, 261, 462], [117, 446, 149, 478], [89, 454, 121, 479]]","[1, 1, 1, 1, 1, 1, 1, 1, 1, 1, 1, 1, 1, 1, 1, 1, 1, 1, 1, 1, 1, 1, 1, 1, 1, 1, 1, 1, 1, 1, 1, 1, 1, 1, 1, 1, 1, 1, 1]"
honeybee/img/beeType1_087.jpg,honeybee/gt-dots/dots087.png,087,beeType1,1,"[[403, 10, 435, 42], [54, 14, 86, 46], [492, 19, 524, 51], [0, 31, 21, 63], [79, 36, 111, 68], [59, 56, 91, 88], [264, 71, 296, 103], [0, 72, 21, 104], [216, 95, 248, 127], [467, 117, 499, 149], [308, 123, 340, 155], [176, 143, 208, 175], [135, 151, 167, 183], [318, 166, 350, 198], [128, 225, 160, 257], [0, 229, 29, 261], [150, 246, 182, 278], [228, 247, 260, 279], [356, 262, 388, 294], [522, 264, 554, 296], [31, 276, 63, 308], [618, 321, 639, 353], [399, 329, 431, 361], [286, 330, 318, 362], [64, 337, 96, 369], [330, 354, 362, 386], [0, 369, 23, 401], [477, 372, 509, 404], [120, 412, 152, 444], [318, 420, 350, 452], [20, 427, 52, 459], [201, 443, 233, 475]]","[1, 1, 1, 1, 1, 1, 1, 1, 1, 1, 1, 1, 1, 1, 1, 1, 1, 1, 1, 1, 1, 1, 1, 1, 1, 1, 1, 1, 1, 1, 1, 1]"
honeybee/img/beeType1_088.jpg,honeybee/gt-dots/dots088.png,088,beeType1,1,"[[388, 8, 420, 40], [80, 12, 112, 44], [100, 25, 132, 57], [466, 33, 498, 65], [27, 41, 59, 73], [254, 42, 286, 74], [286, 53, 318, 85], [6, 69, 38, 101], [43, 68, 75, 100], [186, 113, 218, 145], [164, 135, 196, 167], [278, 163, 310, 195], [140, 191, 172, 223], [336, 213, 368, 245], [506, 235, 538, 267], [125, 248, 157, 280], [491, 257, 523, 289], [171, 269, 203, 301], [237, 277, 269, 309], [32, 279, 64, 311], [0, 286, 21, 318], [308, 304, 340, 336], [377, 321, 409, 353], [616, 321, 639, 353], [34, 333, 66, 365], [473, 400, 505, 432], [271, 405, 303, 437], [0, 430, 29, 462], [172, 433, 204, 465], [362, 440, 394, 472]]","[1, 1, 1, 1, 1, 1, 1, 1, 1, 1, 1, 1, 1, 1, 1, 1, 1, 1, 1, 1, 1, 1, 1, 1, 1, 1, 1, 1, 1, 1]"
honeybee/img/beeType1_089.jpg,honeybee/gt-dots/dots089.png,089,beeType1,1,"[[169, 0, 201, 23], [365, 6, 397, 38], [153, 19, 185, 51], [237, 20, 269, 52], [32, 52, 64, 84], [0, 54, 24, 86], [12, 79, 44, 111], [615, 112, 639, 144], [187, 116, 219, 148], [168, 133, 200, 165], [151, 161, 183, 193], [244, 160, 276, 192], [331, 163, 363, 195], [94, 245, 126, 277], [448, 247, 480, 279], [221, 271, 253, 303], [597, 272, 629, 304], [22, 276, 54, 308], [51, 286, 83, 318], [341, 287, 373, 319], [123, 293, 155, 325], [544, 296, 576, 328], [379, 304, 411, 336], [613, 328, 639, 360], [8, 340, 40, 372], [187, 347, 219, 379], [601, 374, 633, 406], [195, 427, 227, 459], [453, 434, 485, 466]]","[1, 1, 1, 1, 1, 1, 1, 1, 1, 1, 1, 1, 1, 1, 1, 1, 1, 1, 1, 1, 1, 1, 1, 1, 1, 1, 1, 1, 1]"
honeybee/img/beeType1_090.jpg,honeybee/gt-dots/dots090.png,090,beeType1,1,"[[342, 0, 374, 32], [228, 10, 260, 42], [64, 34, 96, 66], [193, 90, 225, 122], [0, 92, 22, 124], [596, 97, 628, 129], [325, 113, 357, 145], [165, 146, 197, 178], [113, 154, 145, 186], [218, 157, 250, 189], [16, 222, 48, 254], [66, 244, 98, 276], [404, 255, 436, 287], [53, 271, 85, 303], [375, 275, 407, 307], [386, 274, 418, 306], [208, 281, 240, 313], [440, 292, 472, 324], [74, 296, 106, 328], [170, 303, 202, 335], [21, 309, 53, 341], [94, 325, 126, 357], [602, 339, 634, 371], [0, 351, 26, 383], [139, 445, 171, 477]]","[1, 1, 1, 1, 1, 1, 1, 1, 1, 1, 1, 1, 1, 1, 1, 1, 1, 1, 1, 1, 1, 1, 1, 1, 1]"
honeybee/img/beeType1_091.jpg,honeybee/gt-dots/dots091.png,091,beeType1,1,"[[313, 0, 345, 24], [98, 33, 130, 65], [187, 62, 219, 94], [331, 63, 363, 95], [585, 89, 617, 121], [184, 112, 216, 144], [82, 145, 114, 177], [197, 154, 229, 186], [158, 157, 190, 189], [0, 183, 31, 215], [44, 208, 76, 240], [399, 234, 431, 266], [49, 240, 81, 272], [154, 240, 186, 272], [154, 263, 186, 295], [410, 270, 442, 302], [68, 281, 100, 313], [97, 311, 129, 343], [77, 356, 109, 388], [573, 357, 605, 389], [0, 374, 23, 406], [198, 440, 230, 472], [102, 444, 134, 476]]","[1, 1, 1, 1, 1, 1, 1, 1, 1, 1, 1, 1, 1, 1, 1, 1, 1, 1, 1, 1, 1, 1, 1]"
honeybee/img/beeType1_092.jpg,honeybee/gt-dots/dots092.png,092,beeType1,1,"[[363, 0, 395, 27], [347, 31, 379, 63], [188, 34, 220, 66], [151, 45, 183, 77], [200, 83, 232, 115], [585, 90, 617, 122], [177, 141, 209, 173], [62, 145, 94, 177], [286, 155, 318, 187], [29, 177, 61, 209], [161, 177, 193, 209], [70, 209, 102, 241], [430, 210, 462, 242], [42, 227, 74, 259], [160, 232, 192, 264], [444, 282, 476, 314], [70, 294, 102, 326], [543, 370, 575, 402], [63, 380, 95, 412], [0, 388, 31, 420], [292, 397, 324, 429], [230, 421, 262, 453], [99, 434, 131, 466]]","[1, 1, 1, 1, 1, 1, 1, 1, 1, 1, 1, 1, 1, 1, 1, 1, 1, 1, 1, 1, 1, 1, 1]"
honeybee/img/beeType1_093.jpg,honeybee/gt-dots/dots093.png,093,beeType1,1,"[[265, 0, 297, 21], [321, 0, 353, 24], [185, 9, 217, 41], [362, 10, 394, 42], [440, 34, 472, 66], [27, 57, 59, 89], [230, 60, 262, 92], [419, 62, 451, 94], [334, 67, 366, 99], [595, 93, 627, 125], [167, 140, 199, 172], [51, 149, 83, 181], [89, 199, 121, 231], [488, 200, 520, 232], [171, 206, 203, 238], [47, 224, 79, 256], [465, 292, 497, 324], [52, 312, 84, 344], [119, 369, 151, 401], [534, 378, 566, 410], [372, 383, 404, 415], [52, 389, 84, 421], [154, 389, 186, 421], [245, 394, 277, 426], [35, 404, 67, 436], [108, 430, 140, 462]]","[1, 1, 1, 1, 1, 1, 1, 1, 1, 1, 1, 1, 1, 1, 1, 1, 1, 1, 1, 1, 1, 1, 1, 1, 1, 1]"
honeybee/img/beeType1_094.jpg,honeybee/gt-dots/dots094.png,094,beeType1,1,"[[175, 0, 207, 21], [236, 0, 268, 22], [370, 0, 402, 31], [52, 5, 84, 37], [282, 29, 314, 61], [360, 34, 392, 66], [72, 42, 104, 74], [294, 81, 326, 113], [426, 93, 458, 125], [305, 133, 337, 165], [154, 140, 186, 172], [72, 160, 104, 192], [100, 182, 132, 214], [244, 204, 276, 236], [53, 214, 85, 246], [168, 225, 200, 257], [494, 306, 526, 338], [27, 320, 59, 352], [253, 360, 285, 392], [536, 388, 568, 420], [455, 394, 487, 426], [41, 401, 73, 433], [79, 403, 111, 435], [118, 434, 150, 466], [535, 446, 567, 478]]","[1, 1, 1, 1, 1, 1, 1, 1, 1, 1, 1, 1, 1, 1, 1, 1, 1, 1, 1, 1, 1, 1, 1, 1, 1]"
honeybee/img/beeType1_095.jpg,honeybee/gt-dots/dots095.png,095,beeType1,1,"[[158, 0, 190, 20], [385, 0, 417, 25], [0, 0, 32, 27], [454, 0, 486, 32], [210, 4, 242, 36], [118, 9, 150, 41], [340, 9, 372, 41], [25, 27, 57, 59], [587, 40, 619, 72], [408, 80, 440, 112], [378, 107, 410, 139], [409, 142, 441, 174], [617, 143, 639, 175], [144, 147, 176, 179], [75, 163, 107, 195], [114, 165, 146, 197], [622, 177, 639, 209], [303, 196, 335, 228], [57, 203, 89, 235], [276, 203, 308, 235], [167, 247, 199, 279], [3, 310, 35, 342], [260, 316, 292, 348], [535, 326, 567, 358], [121, 393, 153, 425], [552, 394, 584, 426], [36, 411, 68, 443], [538, 425, 570, 457], [554, 433, 586, 465], [113, 448, 145, 479]]","[1, 1, 1, 1, 1, 1, 1, 1, 1, 1, 1, 1, 1, 1, 1, 1, 1, 1, 1, 1, 1, 1, 1, 1, 1, 1, 1, 1, 1, 1]"
honeybee/img/beeType1_096.jpg,honeybee/gt-dots/dots096.png,096,beeType1,1,"[[407, 0, 439, 21], [36, 0, 68, 23], [454, 0, 486, 23], [189, 19, 221, 51], [427, 31, 459, 63], [530, 58, 562, 90], [20, 60, 52, 92], [589, 124, 621, 156], [135, 159, 167, 191], [54, 176, 86, 208], [375, 185, 407, 217], [401, 187, 433, 219], [62, 203, 94, 235], [165, 256, 197, 288], [262, 265, 294, 297], [250, 274, 282, 306], [0, 295, 26, 327], [596, 340, 628, 372], [604, 378, 636, 410], [154, 387, 186, 419], [568, 390, 600, 422], [601, 414, 633, 446], [38, 422, 70, 454], [549, 422, 581, 454], [0, 427, 21, 459], [92, 460, 124, 479]]","[1, 1, 1, 1, 1, 1, 1, 1, 1, 1, 1, 1, 1, 1, 1, 1, 1, 1, 1, 1, 1, 1, 1, 1, 1, 1]"
honeybee/img/beeType1_097.jpg,honeybee/gt-dots/dots097.png,097,beeType1,1,"[[428, 0, 460, 26], [174, 30, 206, 62], [511, 30, 543, 62], [401, 61, 433, 93], [575, 71, 607, 103], [30, 91, 62, 123], [467, 90, 499, 122], [556, 94, 588, 126], [0, 130, 31, 162], [168, 149, 200, 181], [122, 160, 154, 192], [447, 171, 479, 203], [489, 171, 521, 203], [560, 175, 592, 207], [29, 197, 61, 229], [61, 200, 93, 232], [385, 220, 417, 252], [166, 260, 198, 292], [0, 285, 22, 317], [8, 295, 40, 327], [219, 345, 251, 377], [519, 349, 551, 381], [536, 369, 568, 401], [600, 380, 632, 412], [176, 385, 208, 417], [584, 400, 616, 432], [45, 431, 77, 463]]","[1, 1, 1, 1, 1, 1, 1, 1, 1, 1, 1, 1, 1, 1, 1, 1, 1, 1, 1, 1, 1, 1, 1, 1, 1, 1, 1]"
honeybee/img/beeType1_098.jpg,honeybee/gt-dots/dots098.png,098,beeType1,1,"[[451, 0, 483, 27], [618, 20, 639, 52], [159, 36, 191, 68], [547, 51, 579, 83], [528, 70, 560, 102], [56, 85, 88, 117], [22, 91, 54, 123], [378, 90, 410, 122], [530, 101, 562, 133], [52, 125, 84, 157], [411, 132, 443, 164], [505, 151, 537, 183], [212, 153, 244, 185], [109, 167, 141, 199], [581, 183, 613, 215], [52, 191, 84, 223], [515, 221, 547, 253], [385, 252, 417, 284], [174, 261, 206, 293], [27, 273, 59, 305], [0, 279, 28, 311], [501, 295, 533, 327], [0, 303, 32, 335], [0, 328, 31, 360], [187, 386, 219, 418], [439, 406, 471, 438], [198, 411, 230, 443], [552, 411, 584, 443], [60, 432, 92, 464]]","[1, 1, 1, 1, 1, 1, 1, 1, 1, 1, 1, 1, 1, 1, 1, 1, 1, 1, 1, 1, 1, 1, 1, 1, 1, 1, 1, 1, 1]"
honeybee/img/beeType1_099.jpg,honeybee/gt-dots/dots099.png,099,beeType1,1,"[[457, 0, 489, 27], [143, 38, 175, 70], [102, 49, 134, 81], [499, 51, 531, 83], [579, 51, 611, 83], [347, 107, 379, 139], [498, 124, 530, 156], [574, 136, 606, 168], [257, 147, 289, 179], [83, 168, 115, 200], [353, 168, 385, 200], [99, 179, 131, 211], [43, 190, 75, 222], [448, 243, 480, 275], [482, 242, 514, 274], [55, 245, 87, 277], [189, 258, 221, 290], [520, 265, 552, 297], [0, 269, 24, 301], [38, 295, 70, 327], [6, 316, 38, 348], [453, 345, 485, 377], [574, 376, 606, 408], [198, 406, 230, 438], [528, 420, 560, 452], [72, 441, 104, 473]]","[1, 1, 1, 1, 1, 1, 1, 1, 1, 1, 1, 1, 1, 1, 1, 1, 1, 1, 1, 1, 1, 1, 1, 1, 1, 1]"
honeybee/img/beeType1_100.jpg,honeybee/gt-dots/dots100.png,100,beeType1,1,"[[457, 0, 489, 23], [183, 0, 215, 31], [127, 8, 159, 40], [485, 35, 517, 67], [144, 39, 176, 71], [514, 78, 546, 110], [319, 119, 351, 151], [475, 140, 507, 172], [298, 144, 330, 176], [595, 148, 627, 180], [442, 168, 474, 200], [88, 185, 120, 217], [25, 186, 57, 218], [366, 198, 398, 230], [97, 203, 129, 235], [303, 208, 335, 240], [75, 215, 107, 247], [2, 255, 34, 287], [202, 267, 234, 299], [74, 272, 106, 304], [355, 277, 387, 309], [470, 284, 502, 316], [513, 310, 545, 342], [15, 337, 47, 369], [193, 422, 225, 454], [503, 434, 535, 466], [152, 436, 184, 468], [74, 452, 106, 479]]","[1, 1, 1, 1, 1, 1, 1, 1, 1, 1, 1, 1, 1, 1, 1, 1, 1, 1, 1, 1, 1, 1, 1, 1, 1, 1, 1, 1]"
honeybee/img/beeType1_101.jpg,honeybee/gt-dots/dots101.png,101,beeType1,1,"[[363, 0, 395, 28], [608, 46, 639, 78], [12, 55, 44, 87], [487, 110, 519, 142], [547, 121, 579, 153], [63, 123, 95, 155], [31, 141, 63, 173], [381, 161, 413, 193], [80, 171, 112, 203], [613, 191, 639, 223], [203, 207, 235, 239], [255, 217, 287, 249], [279, 227, 311, 259], [106, 241, 138, 273], [168, 242, 200, 274], [193, 242, 225, 274], [339, 242, 371, 274], [485, 244, 517, 276], [217, 255, 249, 287], [529, 268, 561, 300], [201, 295, 233, 327], [300, 304, 332, 336], [218, 329, 250, 361], [64, 340, 96, 372], [84, 356, 116, 388], [176, 369, 208, 401], [399, 368, 431, 400], [472, 372, 504, 404], [608, 384, 639, 416], [370, 391, 402, 423], [249, 406, 281, 438], [323, 412, 355, 444]]","[1, 1, 1, 1, 1, 1, 1, 1, 1, 1, 1, 1, 1, 1, 1, 1, 1, 1, 1, 1, 1, 1, 1, 1, 1, 1, 1, 1, 1, 1, 1, 1]"
honeybee/img/beeType1_102.jpg,honeybee/gt-dots/dots102.png,102,beeType1,1,"[[357, 0, 389, 29], [481, 8, 513, 40], [20, 44, 52, 76], [63, 47, 95, 79], [544, 77, 576, 109], [486, 83, 518, 115], [68, 101, 100, 133], [342, 151, 374, 183], [311, 154, 343, 186], [77, 170, 109, 202], [374, 171, 406, 203], [322, 179, 354, 211], [77, 198, 109, 230], [206, 217, 238, 249], [155, 228, 187, 260], [306, 237, 338, 269], [520, 244, 552, 276], [152, 247, 184, 279], [254, 258, 286, 290], [421, 261, 453, 293], [419, 287, 451, 319], [542, 296, 574, 328], [177, 302, 209, 334], [124, 318, 156, 350], [182, 325, 214, 357], [85, 327, 117, 359], [280, 331, 312, 363], [492, 358, 524, 390], [364, 372, 396, 404], [168, 377, 200, 409], [375, 391, 407, 423], [615, 392, 639, 424], [254, 396, 286, 428], [106, 431, 138, 463], [276, 438, 308, 470], [491, 445, 523, 477], [35, 451, 67, 479], [312, 450, 344, 479]]","[1, 1, 1, 1, 1, 1, 1, 1, 1, 1, 1, 1, 1, 1, 1, 1, 1, 1, 1, 1, 1, 1, 1, 1, 1, 1, 1, 1, 1, 1, 1, 1, 1, 1, 1, 1, 1, 1]"
honeybee/img/beeType1_103.jpg,honeybee/gt-dots/dots103.png,103,beeType1,1,"[[21, 0, 53, 26], [487, 15, 519, 47], [349, 17, 381, 49], [509, 43, 541, 75], [12, 47, 44, 79], [423, 47, 455, 79], [102, 55, 134, 87], [481, 58, 513, 90], [67, 64, 99, 96], [412, 85, 444, 117], [491, 108, 523, 140], [89, 113, 121, 145], [322, 155, 354, 187], [46, 160, 78, 192], [218, 177, 250, 209], [181, 182, 213, 214], [516, 217, 548, 249], [285, 221, 317, 253], [96, 233, 128, 265], [91, 250, 123, 282], [122, 267, 154, 299], [156, 278, 188, 310], [320, 284, 352, 316], [129, 290, 161, 322], [539, 292, 571, 324], [87, 303, 119, 335], [155, 307, 187, 339], [146, 320, 178, 352], [363, 328, 395, 360], [483, 339, 515, 371], [284, 361, 316, 393], [313, 379, 345, 411], [149, 384, 181, 416], [251, 385, 283, 417], [618, 384, 639, 416], [384, 387, 416, 419], [106, 395, 138, 427], [467, 420, 499, 452], [312, 442, 344, 474], [604, 452, 636, 479], [83, 454, 115, 479], [145, 461, 177, 479]]","[1, 1, 1, 1, 1, 1, 1, 1, 1, 1, 1, 1, 1, 1, 1, 1, 1, 1, 1, 1, 1, 1, 1, 1, 1, 1, 1, 1, 1, 1, 1, 1, 1, 1, 1, 1, 1, 1, 1, 1, 1, 1]"
honeybee/img/beeType1_104.jpg,honeybee/gt-dots/dots104.png,104,beeType1,1,"[[60, 0, 92, 26], [190, 4, 222, 36], [509, 10, 541, 42], [74, 17, 106, 49], [133, 25, 165, 57], [355, 24, 387, 56], [470, 36, 502, 68], [0, 40, 23, 72], [327, 42, 359, 74], [555, 55, 587, 87], [8, 67, 40, 99], [535, 78, 567, 110], [433, 126, 465, 158], [20, 131, 52, 163], [228, 139, 260, 171], [138, 141, 170, 173], [315, 164, 347, 196], [512, 177, 544, 209], [245, 198, 277, 230], [0, 220, 22, 252], [50, 239, 82, 271], [22, 240, 54, 272], [170, 252, 202, 284], [92, 263, 124, 295], [67, 275, 99, 307], [578, 289, 610, 321], [113, 302, 145, 334], [311, 303, 343, 335], [543, 304, 575, 336], [437, 307, 469, 339], [380, 308, 412, 340], [131, 311, 163, 343], [110, 358, 142, 390], [313, 366, 345, 398], [249, 380, 281, 412], [524, 383, 556, 415], [554, 383, 586, 415], [409, 385, 441, 417], [303, 388, 335, 420], [447, 391, 479, 423], [112, 394, 144, 426], [319, 433, 351, 465], [123, 445, 155, 477]]","[1, 1, 1, 1, 1, 1, 1, 1, 1, 1, 1, 1, 1, 1, 1, 1, 1, 1, 1, 1, 1, 1, 1, 1, 1, 1, 1, 1, 1, 1, 1, 1, 1, 1, 1, 1, 1, 1, 1, 1, 1, 1, 1]"
honeybee/img/beeType1_105.jpg,honeybee/gt-dots/dots105.png,105,beeType1,1,"[[286, 0, 318, 29], [169, 0, 201, 30], [49, 12, 81, 44], [74, 15, 106, 47], [454, 23, 486, 55], [0, 47, 31, 79], [0, 62, 21, 94], [293, 62, 325, 94], [618, 89, 639, 121], [4, 96, 36, 128], [564, 104, 596, 136], [116, 113, 148, 145], [237, 119, 269, 151], [5, 129, 37, 161], [505, 128, 537, 160], [397, 150, 429, 182], [217, 182, 249, 214], [302, 187, 334, 219], [44, 199, 76, 231], [4, 228, 36, 260], [168, 237, 200, 269], [34, 239, 66, 271], [71, 247, 103, 279], [385, 255, 417, 287], [510, 300, 542, 332], [58, 303, 90, 335], [108, 312, 140, 344], [506, 319, 538, 351], [430, 326, 462, 358], [285, 330, 317, 362], [434, 361, 466, 393], [459, 381, 491, 413], [260, 382, 292, 414], [86, 395, 118, 427], [285, 403, 317, 435], [182, 419, 214, 451], [303, 421, 335, 453]]","[1, 1, 1, 1, 1, 1, 1, 1, 1, 1, 1, 1, 1, 1, 1, 1, 1, 1, 1, 1, 1, 1, 1, 1, 1, 1, 1, 1, 1, 1, 1, 1, 1, 1, 1, 1, 1]"
honeybee/img/beeType1_106.jpg,honeybee/gt-dots/dots106.png,106,beeType1,1,"[[421, 10, 453, 42], [53, 20, 85, 52], [65, 39, 97, 71], [0, 48, 25, 80], [148, 49, 180, 81], [96, 73, 128, 105], [252, 74, 284, 106], [498, 76, 530, 108], [253, 99, 285, 131], [602, 127, 634, 159], [0, 128, 24, 160], [356, 157, 388, 189], [194, 160, 226, 192], [97, 167, 129, 199], [596, 178, 628, 210], [337, 190, 369, 222], [0, 200, 23, 232], [479, 212, 511, 244], [270, 216, 302, 248], [99, 226, 131, 258], [42, 232, 74, 264], [161, 238, 193, 270], [118, 268, 150, 300], [542, 282, 574, 314], [54, 288, 86, 320], [389, 312, 421, 344], [80, 320, 112, 352], [20, 330, 52, 362], [279, 340, 311, 372], [432, 346, 464, 378], [462, 350, 494, 382], [391, 363, 423, 395], [283, 397, 315, 429], [85, 398, 117, 430], [55, 424, 87, 456], [260, 428, 292, 460], [229, 430, 261, 462], [117, 446, 149, 478], [89, 454, 121, 479]]","[1, 1, 1, 1, 1, 1, 1, 1, 1, 1, 1, 1, 1, 1, 1, 1, 1, 1, 1, 1, 1, 1, 1, 1, 1, 1, 1, 1, 1, 1, 1, 1, 1, 1, 1, 1, 1, 1, 1]"
honeybee/img/beeType1_107.jpg,honeybee/gt-dots/dots107.png,107,beeType1,1,"[[403, 10, 435, 42], [54, 14, 86, 46], [492, 19, 524, 51], [0, 31, 21, 63], [79, 36, 111, 68], [59, 56, 91, 88], [264, 71, 296, 103], [0, 72, 21, 104], [216, 95, 248, 127], [467, 117, 499, 149], [308, 123, 340, 155], [176, 143, 208, 175], [135, 151, 167, 183], [318, 166, 350, 198], [128, 225, 160, 257], [0, 229, 29, 261], [150, 246, 182, 278], [228, 247, 260, 279], [356, 262, 388, 294], [522, 264, 554, 296], [31, 276, 63, 308], [618, 321, 639, 353], [399, 329, 431, 361], [286, 330, 318, 362], [64, 337, 96, 369], [330, 354, 362, 386], [0, 369, 23, 401], [477, 372, 509, 404], [120, 412, 152, 444], [318, 420, 350, 452], [20, 427, 52, 459], [201, 443, 233, 475]]","[1, 1, 1, 1, 1, 1, 1, 1, 1, 1, 1, 1, 1, 1, 1, 1, 1, 1, 1, 1, 1, 1, 1, 1, 1, 1, 1, 1, 1, 1, 1, 1]"
honeybee/img/beeType1_108.jpg,honeybee/gt-dots/dots108.png,108,beeType1,1,"[[388, 8, 420, 40], [80, 12, 112, 44], [100, 25, 132, 57], [466, 33, 498, 65], [27, 41, 59, 73], [254, 42, 286, 74], [286, 53, 318, 85], [6, 69, 38, 101], [43, 68, 75, 100], [186, 113, 218, 145], [164, 135, 196, 167], [278, 163, 310, 195], [140, 191, 172, 223], [336, 213, 368, 245], [506, 235, 538, 267], [125, 248, 157, 280], [491, 257, 523, 289], [171, 269, 203, 301], [237, 277, 269, 309], [32, 279, 64, 311], [0, 286, 21, 318], [308, 304, 340, 336], [377, 321, 409, 353], [616, 321, 639, 353], [34, 333, 66, 365], [473, 400, 505, 432], [271, 405, 303, 437], [0, 430, 29, 462], [172, 433, 204, 465], [362, 440, 394, 472]]","[1, 1, 1, 1, 1, 1, 1, 1, 1, 1, 1, 1, 1, 1, 1, 1, 1, 1, 1, 1, 1, 1, 1, 1, 1, 1, 1, 1, 1, 1]"
honeybee/img/beeType1_109.jpg,honeybee/gt-dots/dots109.png,109,beeType1,1,"[[84, 3, 116, 35], [310, 8, 342, 40], [426, 18, 458, 50], [390, 24, 422, 56], [300, 37, 332, 69], [366, 49, 398, 81], [84, 70, 116, 102], [347, 75, 379, 107], [84, 87, 116, 119], [412, 118, 444, 150], [78, 120, 110, 152], [449, 123, 481, 155], [1, 140, 33, 172], [541, 140, 573, 172], [89, 144, 121, 176], [366, 144, 398, 176], [433, 158, 465, 190], [388, 204, 420, 236], [299, 241, 331, 273], [0, 286, 30, 318], [318, 290, 350, 322], [96, 292, 128, 324], [203, 306, 235, 338], [505, 311, 537, 343], [67, 385, 99, 417], [565, 391, 597, 423], [514, 393, 546, 425], [149, 432, 181, 464], [189, 448, 221, 479], [14, 456, 46, 479]]","[1, 1, 1, 1, 1, 1, 1, 1, 1, 1, 1, 1, 1, 1, 1, 1, 1, 1, 1, 1, 1, 1, 1, 1, 1, 1, 1, 1, 1, 1]"
honeybee/img/beeType1_110.jpg,honeybee/gt-dots/dots110.png,110,beeType1,1,"[[102, 10, 134, 42], [445, 23, 477, 55], [361, 45, 393, 77], [308, 48, 340, 80], [77, 62, 109, 94], [430, 81, 462, 113], [63, 83, 95, 115], [401, 86, 433, 118], [18, 124, 50, 156], [54, 155, 86, 187], [425, 161, 457, 193], [557, 167, 589, 199], [601, 171, 633, 203], [344, 173, 376, 205], [281, 260, 313, 292], [150, 267, 182, 299], [331, 272, 363, 304], [0, 281, 29, 313], [0, 303, 28, 335], [309, 309, 341, 341], [191, 310, 223, 342], [485, 330, 517, 362], [81, 385, 113, 417], [577, 422, 609, 454], [259, 439, 291, 471]]","[1, 1, 1, 1, 1, 1, 1, 1, 1, 1, 1, 1, 1, 1, 1, 1, 1, 1, 1, 1, 1, 1, 1, 1, 1]"
honeybee/img/beeType1_111.jpg,honeybee/gt-dots/dots111.png,111,beeType1,1,"[[445, 13, 477, 45], [130, 18, 162, 50], [433, 41, 465, 73], [65, 59, 97, 91], [200, 59, 232, 91], [304, 62, 336, 94], [33, 82, 65, 114], [423, 86, 455, 118], [318, 96, 350, 128], [433, 140, 465, 172], [22, 163, 54, 195], [276, 193, 308, 225], [576, 192, 608, 224], [326, 204, 358, 236], [441, 217, 473, 249], [196, 255, 228, 287], [237, 269, 269, 301], [262, 295, 294, 327], [23, 306, 55, 338], [351, 307, 383, 339], [292, 314, 324, 346], [193, 323, 225, 355], [473, 349, 505, 381], [110, 394, 142, 426], [344, 434, 376, 466], [596, 449, 628, 479]]","[1, 1, 1, 1, 1, 1, 1, 1, 1, 1, 1, 1, 1, 1, 1, 1, 1, 1, 1, 1, 1, 1, 1, 1, 1, 1]"
honeybee/img/beeType1_112.jpg,honeybee/gt-dots/dots112.png,112,beeType1,1,"[[428, 1, 460, 33], [458, 20, 490, 52], [148, 23, 180, 55], [0, 81, 29, 113], [54, 80, 86, 112], [253, 84, 285, 116], [342, 152, 374, 184], [0, 180, 27, 212], [459, 193, 491, 225], [583, 215, 615, 247], [553, 217, 585, 249], [220, 224, 252, 256], [298, 234, 330, 266], [0, 240, 21, 272], [324, 283, 356, 315], [456, 283, 488, 315], [21, 315, 53, 347], [279, 323, 311, 355], [49, 329, 81, 361], [199, 330, 231, 362], [244, 331, 276, 363], [362, 337, 394, 369], [0, 366, 20, 398], [470, 373, 502, 405], [156, 405, 188, 437], [315, 430, 347, 462], [258, 450, 290, 479]]","[1, 1, 1, 1, 1, 1, 1, 1, 1, 1, 1, 1, 1, 1, 1, 1, 1, 1, 1, 1, 1, 1, 1, 1, 1, 1, 1]"
honeybee/img/beeType1_113.jpg,honeybee/gt-dots/dots113.png,113,beeType1,1,"[[414, 0, 446, 25], [488, 0, 520, 25], [151, 31, 183, 63], [38, 95, 70, 127], [561, 198, 593, 230], [233, 208, 265, 240], [516, 212, 548, 244], [373, 216, 405, 248], [489, 235, 521, 267], [566, 237, 598, 269], [174, 238, 206, 270], [256, 259, 288, 291], [0, 284, 26, 316], [100, 286, 132, 318], [424, 286, 456, 318], [264, 327, 296, 359], [213, 331, 245, 363], [56, 336, 88, 368], [465, 343, 497, 375], [364, 360, 396, 392], [229, 362, 261, 394], [3, 382, 35, 414], [472, 401, 504, 433], [214, 407, 246, 439], [165, 408, 197, 440]]","[1, 1, 1, 1, 1, 1, 1, 1, 1, 1, 1, 1, 1, 1, 1, 1, 1, 1, 1, 1, 1, 1, 1, 1, 1]"
honeybee/img/beeType1_114.jpg,honeybee/gt-dots/dots114.png,114,beeType1,1,"[[374, 11, 406, 43], [154, 44, 186, 76], [26, 99, 58, 131], [612, 102, 639, 134], [137, 116, 169, 148], [246, 198, 278, 230], [486, 204, 518, 236], [131, 250, 163, 282], [183, 258, 215, 290], [510, 263, 542, 295], [51, 269, 83, 301], [539, 271, 571, 303], [213, 277, 245, 309], [411, 284, 443, 316], [509, 288, 541, 320], [55, 323, 87, 355], [230, 332, 262, 364], [258, 337, 290, 369], [179, 349, 211, 381], [57, 350, 89, 382], [387, 356, 419, 388], [224, 391, 256, 423], [34, 397, 66, 429], [467, 400, 499, 432], [284, 409, 316, 441]]","[1, 1, 1, 1, 1, 1, 1, 1, 1, 1, 1, 1, 1, 1, 1, 1, 1, 1, 1, 1, 1, 1, 1, 1, 1]"
honeybee/img/beeType1_115.jpg,honeybee/gt-dots/dots115.png,115,beeType1,1,"[[252, 0, 284, 30], [553, 2, 585, 34], [351, 30, 383, 62], [503, 34, 535, 66], [334, 36, 366, 68], [160, 56, 192, 88], [1, 92, 33, 124], [74, 120, 106, 152], [597, 120, 629, 152], [255, 197, 287, 229], [459, 215, 491, 247], [243, 230, 275, 262], [447, 237, 479, 269], [96, 258, 128, 290], [132, 261, 164, 293], [510, 281, 542, 313], [573, 285, 605, 317], [477, 287, 509, 319], [174, 303, 206, 335], [415, 323, 447, 355], [249, 329, 281, 361], [121, 353, 153, 385], [415, 358, 447, 390], [265, 360, 297, 392], [50, 371, 82, 403], [85, 399, 117, 431], [365, 405, 397, 437], [224, 416, 256, 448]]","[1, 1, 1, 1, 1, 1, 1, 1, 1, 1, 1, 1, 1, 1, 1, 1, 1, 1, 1, 1, 1, 1, 1, 1, 1, 1, 1, 1]"
honeybee/img/beeType1_116.jpg,honeybee/gt-dots/dots116.png,116,beeType1,1,"[[338, 10, 370, 42], [475, 19, 507, 51], [578, 53, 610, 85], [298, 59, 330, 91], [165, 60, 197, 92], [327, 60, 359, 92], [242, 74, 274, 106], [12, 82, 44, 114], [595, 106, 627, 138], [0, 122, 32, 154], [577, 138, 609, 170], [597, 171, 629, 203], [478, 178, 510, 210], [299, 205, 331, 237], [265, 207, 297, 239], [427, 251, 459, 283], [194, 256, 226, 288], [76, 260, 108, 292], [612, 278, 639, 310], [154, 284, 186, 316], [491, 288, 523, 320], [267, 322, 299, 354], [149, 330, 181, 362], [403, 365, 435, 397], [171, 372, 203, 404], [446, 375, 478, 407], [32, 382, 64, 414], [189, 383, 221, 415], [275, 382, 307, 414], [130, 403, 162, 435], [576, 441, 608, 473], [221, 443, 253, 475]]","[1, 1, 1, 1, 1, 1, 1, 1, 1, 1, 1, 1, 1, 1, 1, 1, 1, 1, 1, 1, 1, 1, 1, 1, 1, 1, 1, 1, 1, 1, 1, 1]"
honeybee/img/beeType1_117.jpg,honeybee/gt-dots/dots117.png,117,beeType1,1,"[[540, 40, 572, 72], [34, 50, 66, 82], [300, 63, 332, 95], [164, 68, 196, 100], [264, 81, 296, 113], [305, 85, 337, 117], [584, 109, 616, 141], [507, 135, 539, 167], [228, 140, 260, 172], [557, 153, 589, 185], [351, 190, 383, 222], [563, 190, 595, 222], [305, 203, 337, 235], [272, 211, 304, 243], [593, 225, 625, 257], [50, 250, 82, 282], [111, 282, 143, 314], [379, 290, 411, 322], [461, 292, 493, 324], [343, 317, 375, 349], [290, 326, 322, 358], [127, 360, 159, 392], [481, 394, 513, 426], [0, 397, 27, 429], [191, 397, 223, 429], [395, 398, 427, 430], [281, 408, 313, 440], [599, 408, 631, 440], [530, 443, 562, 475], [583, 443, 615, 475]]","[1, 1, 1, 1, 1, 1, 1, 1, 1, 1, 1, 1, 1, 1, 1, 1, 1, 1, 1, 1, 1, 1, 1, 1, 1, 1, 1, 1, 1, 1]"
honeybee/img/beeType1_118.jpg,honeybee/gt-dots/dots118.png,118,beeType1,1,"[[149, 10, 181, 42], [51, 14, 83, 46], [193, 33, 225, 65], [591, 56, 623, 88], [172, 86, 204, 118], [294, 99, 326, 131], [224, 101, 256, 133], [543, 111, 575, 143], [259, 112, 291, 144], [570, 163, 602, 195], [550, 177, 582, 209], [396, 180, 428, 212], [221, 204, 253, 236], [519, 207, 551, 239], [256, 225, 288, 257], [29, 229, 61, 261], [295, 252, 327, 284], [62, 285, 94, 317], [427, 295, 459, 327], [298, 316, 330, 348], [277, 327, 309, 359], [324, 331, 356, 363], [103, 388, 135, 420], [235, 408, 267, 440], [396, 421, 428, 453], [549, 424, 581, 456], [287, 432, 319, 464], [500, 441, 532, 473], [535, 442, 567, 474]]","[1, 1, 1, 1, 1, 1, 1, 1, 1, 1, 1, 1, 1, 1, 1, 1, 1, 1, 1, 1, 1, 1, 1, 1, 1, 1, 1, 1, 1]"
honeybee/img/beeType1_119.jpg,honeybee/gt-dots/dots119.png,119,beeType1,1,"[[601, 8, 633, 40], [465, 20, 497, 52], [107, 54, 139, 86], [616, 82, 639, 114], [590, 92, 622, 124], [168, 99, 200, 131], [288, 108, 320, 140], [254, 113, 286, 145], [189, 121, 221, 153], [210, 161, 242, 193], [441, 166, 473, 198], [595, 179, 627, 211], [2, 195, 34, 227], [549, 210, 581, 242], [484, 223, 516, 255], [230, 235, 262, 267], [304, 259, 336, 291], [220, 260, 252, 292], [24, 278, 56, 310], [290, 308, 322, 340], [389, 319, 421, 351], [222, 335, 254, 367], [611, 362, 639, 394], [271, 372, 303, 404], [511, 393, 543, 425], [614, 394, 639, 426], [238, 427, 270, 459], [283, 430, 315, 462], [483, 435, 515, 467], [389, 439, 421, 471], [285, 455, 317, 479]]","[1, 1, 1, 1, 1, 1, 1, 1, 1, 1, 1, 1, 1, 1, 1, 1, 1, 1, 1, 1, 1, 1, 1, 1, 1, 1, 1, 1, 1, 1, 1]"
honeybee/img/beeType1_120.jpg,honeybee/gt-dots/dots120.png,120,beeType1,1,"[[146, 0, 178, 22], [499, 0, 531, 24], [521, 0, 553, 26], [555, 2, 587, 34], [431, 53, 463, 85], [64, 92, 96, 124], [272, 108, 304, 140], [155, 111, 187, 143], [153, 134, 185, 166], [26, 157, 58, 189], [473, 161, 505, 193], [301, 180, 333, 212], [539, 190, 571, 222], [150, 197, 182, 229], [445, 227, 477, 259], [200, 243, 232, 275], [538, 259, 570, 291], [559, 265, 591, 297], [13, 269, 45, 301], [297, 269, 329, 301], [277, 295, 309, 327], [233, 309, 265, 341], [176, 340, 208, 372], [0, 348, 21, 380], [348, 349, 380, 381], [549, 390, 581, 422], [597, 392, 629, 424], [247, 411, 279, 443], [460, 413, 492, 445], [248, 442, 280, 474], [49, 444, 81, 476], [385, 448, 417, 479], [324, 453, 356, 479]]","[1, 1, 1, 1, 1, 1, 1, 1, 1, 1, 1, 1, 1, 1, 1, 1, 1, 1, 1, 1, 1, 1, 1, 1, 1, 1, 1, 1, 1, 1, 1, 1, 1]"
honeybee/img/beeType1_121.jpg,honeybee/gt-dots/dots121.png,121,beeType1,1,"[[507, 0, 539, 24], [484, 14, 516, 46], [449, 31, 481, 63], [139, 37, 171, 69], [397, 79, 429, 111], [602, 89, 634, 121], [154, 93, 186, 125], [251, 99, 283, 131], [17, 126, 49, 158], [156, 126, 188, 158], [111, 143, 143, 175], [480, 157, 512, 189], [105, 202, 137, 234], [399, 213, 431, 245], [78, 218, 110, 250], [333, 227, 365, 259], [25, 251, 57, 283], [175, 255, 207, 287], [260, 285, 292, 317], [526, 295, 558, 327], [426, 302, 458, 334], [564, 313, 596, 345], [130, 349, 162, 381], [260, 357, 292, 389], [292, 374, 324, 406], [423, 397, 455, 429], [566, 399, 598, 431], [614, 405, 639, 437], [259, 453, 291, 479], [370, 458, 402, 479], [417, 458, 449, 479]]","[1, 1, 1, 1, 1, 1, 1, 1, 1, 1, 1, 1, 1, 1, 1, 1, 1, 1, 1, 1, 1, 1, 1, 1, 1, 1, 1, 1, 1, 1, 1]"
honeybee/img/beeType1_122.jpg,honeybee/gt-dots/dots122.png,122,beeType1,1,"[[120, 23, 152, 55], [471, 35, 503, 67], [271, 38, 303, 70], [384, 68, 416, 100], [135, 78, 167, 110], [225, 79, 257, 111], [362, 94, 394, 126], [8, 107, 40, 139], [491, 109, 523, 141], [171, 128, 203, 160], [71, 150, 103, 182], [455, 153, 487, 185], [42, 168, 74, 200], [352, 189, 384, 221], [616, 235, 639, 267], [8, 239, 40, 271], [58, 238, 90, 270], [109, 242, 141, 274], [147, 262, 179, 294], [249, 272, 281, 304], [251, 315, 283, 347], [526, 333, 558, 365], [399, 334, 431, 366], [49, 340, 81, 372], [84, 360, 116, 392], [570, 366, 602, 398], [380, 380, 412, 412], [238, 386, 270, 418], [589, 393, 621, 425], [309, 396, 341, 428], [533, 408, 565, 440], [216, 418, 248, 450], [399, 427, 431, 459], [279, 428, 311, 460], [390, 449, 422, 479], [202, 451, 234, 479]]","[1, 1, 1, 1, 1, 1, 1, 1, 1, 1, 1, 1, 1, 1, 1, 1, 1, 1, 1, 1, 1, 1, 1, 1, 1, 1, 1, 1, 1, 1, 1, 1, 1, 1, 1, 1]"
honeybee/img/beeType1_123.jpg,honeybee/gt-dots/dots123.png,123,beeType1,1,"[[374, 13, 406, 45], [85, 36, 117, 68], [197, 50, 229, 82], [473, 52, 505, 84], [61, 60, 93, 92], [103, 60, 135, 92], [331, 110, 363, 142], [122, 122, 154, 154], [212, 124, 244, 156], [374, 135, 406, 167], [29, 149, 61, 181], [402, 149, 434, 181], [105, 153, 137, 185], [313, 162, 345, 194], [445, 197, 477, 229], [83, 217, 115, 249], [610, 229, 639, 261], [309, 258, 341, 290], [388, 261, 420, 293], [476, 261, 508, 293], [244, 263, 276, 295], [124, 268, 156, 300], [98, 276, 130, 308], [176, 295, 208, 327], [229, 348, 261, 380], [41, 353, 73, 385], [368, 356, 400, 388], [527, 363, 559, 395], [334, 366, 366, 398], [225, 372, 257, 404], [167, 381, 199, 413], [565, 392, 597, 424], [275, 395, 307, 427], [212, 406, 244, 438], [493, 415, 525, 447], [584, 415, 616, 447], [546, 425, 578, 457], [361, 439, 393, 471], [320, 444, 352, 476], [520, 448, 552, 479], [498, 452, 530, 479]]","[1, 1, 1, 1, 1, 1, 1, 1, 1, 1, 1, 1, 1, 1, 1, 1, 1, 1, 1, 1, 1, 1, 1, 1, 1, 1, 1, 1, 1, 1, 1, 1, 1, 1, 1, 1, 1, 1, 1, 1, 1]"
honeybee/img/beeType1_124.jpg,honeybee/gt-dots/dots124.png,124,beeType1,1,"[[458, 0, 490, 23], [98, 7, 130, 39], [168, 10, 200, 42], [74, 44, 106, 76], [479, 59, 511, 91], [604, 61, 636, 93], [252, 122, 284, 154], [304, 124, 336, 156], [136, 128, 168, 160], [288, 137, 320, 169], [354, 141, 386, 173], [0, 150, 28, 182], [100, 151, 132, 183], [275, 166, 307, 198], [90, 183, 122, 215], [460, 209, 492, 241], [606, 209, 638, 241], [426, 225, 458, 257], [249, 260, 281, 292], [286, 268, 318, 300], [424, 273, 456, 305], [98, 275, 130, 307], [83, 311, 115, 343], [209, 321, 241, 353], [279, 336, 311, 368], [304, 343, 336, 375], [231, 357, 263, 389], [93, 365, 125, 397], [329, 369, 361, 401], [206, 377, 238, 409], [552, 387, 584, 419], [534, 395, 566, 427], [45, 397, 77, 429], [459, 423, 491, 455], [519, 423, 551, 455], [570, 422, 602, 454], [336, 428, 368, 460], [226, 449, 258, 479]]","[1, 1, 1, 1, 1, 1, 1, 1, 1, 1, 1, 1, 1, 1, 1, 1, 1, 1, 1, 1, 1, 1, 1, 1, 1, 1, 1, 1, 1, 1, 1, 1, 1, 1, 1, 1, 1, 1]"
honeybee/img/beeType1_125.jpg,honeybee/gt-dots/dots125.png,125,beeType1,1,"[[76, 57, 108, 89], [604, 56, 636, 88], [5, 58, 37, 90], [493, 60, 525, 92], [526, 85, 558, 117], [63, 86, 95, 118], [157, 93, 189, 125], [256, 102, 288, 134], [302, 119, 334, 151], [112, 141, 144, 173], [257, 148, 289, 180], [81, 170, 113, 202], [602, 184, 634, 216], [157, 189, 189, 221], [502, 218, 534, 250], [409, 251, 441, 283], [260, 265, 292, 297], [70, 273, 102, 305], [460, 293, 492, 325], [182, 298, 214, 330], [272, 300, 304, 332], [241, 318, 273, 350], [54, 338, 86, 370], [13, 356, 45, 388], [532, 370, 564, 402], [302, 377, 334, 409], [162, 388, 194, 420], [134, 403, 166, 435], [307, 412, 339, 444], [497, 417, 529, 449], [541, 420, 573, 452], [427, 429, 459, 461], [206, 449, 238, 479]]","[1, 1, 1, 1, 1, 1, 1, 1, 1, 1, 1, 1, 1, 1, 1, 1, 1, 1, 1, 1, 1, 1, 1, 1, 1, 1, 1, 1, 1, 1, 1, 1, 1]"
